"Source: Calculated by ReFED based on data from various sources. See https://insights.refed.com/methodology for more information. Data last updated January 23, 2021",,,,,,,
,,,,,,,
,,,,,,,
year,sector,sub_sector,food_type,cause_group,cause_name,tons_surplus_due_to_cause,us_dollars_surplus_due_to_cause
2019,Farm,Not Applicable,Dry Goods,Buyer Rejections,Buyer Rejections,76603.05703,161492409.3
2019,Farm,Not Applicable,Dry Goods,Excess,Packhouse Losses (not Marketable),20974.47313,20974.47313
2019,Farm,Not Applicable,Dry Goods,Not Harvested,Fields Never Harvested (bad Weather),34322.76038,14425477.75
2019,Farm,Not Applicable,Dry Goods,Not Harvested,Fields Never Harvested (food Safety),0.507968385,187.9492621
2019,Farm,Not Applicable,Dry Goods,Not Harvested,Fields Never Harvested (market Dynamics),53.5757232,25046.1791
2019,Farm,Not Applicable,Dry Goods,Not Harvested,Fields Never Harvested (other),105.3204375,45095.7308
2019,Farm,Not Applicable,Dry Goods,Not Harvested,Fields Never Harvested (pests/disease),567.8354944,227860.7779
2019,Farm,Not Applicable,Dry Goods,Not Harvested,Left Behind After Harvest (inedible),428848.5128,1687574018
2019,Farm,Not Applicable,Dry Goods,Not Harvested,Left Behind After Harvest (marketable),292820.5036,1036624773
2019,Farm,Not Applicable,Dry Goods,Not Harvested,Left Behind After Harvest (not Marketable),261192.2137,960720898.7
2019,Farm,Not Applicable,Dry Goods,Spoiled,Packhouse Losses (inedible),115348.5579,115348.5579
2019,Farm,Not Applicable,Produce,Buyer Rejections,Buyer Rejections,596930.5934,212104821.3
2019,Farm,Not Applicable,Produce,Excess,Packhouse Losses (not Marketable),330350.4762,330350.4762
2019,Farm,Not Applicable,Produce,Not Harvested,Fields Never Harvested (bad Weather),664897.7097,164124960.8
2019,Farm,Not Applicable,Produce,Not Harvested,Fields Never Harvested (market Dynamics),2206.830904,1090908.487
2019,Farm,Not Applicable,Produce,Not Harvested,Fields Never Harvested (other),2763.906378,704484.736
2019,Farm,Not Applicable,Produce,Not Harvested,Fields Never Harvested (pests/disease),9928.07526,3156447.286
2019,Farm,Not Applicable,Produce,Not Harvested,Left Behind After Harvest (inedible),4197745.01,2932177571
2019,Farm,Not Applicable,Produce,Not Harvested,Left Behind After Harvest (marketable),3543588.587,2318786020
2019,Farm,Not Applicable,Produce,Not Harvested,Left Behind After Harvest (not Marketable),4436204.251,3090334600
2019,Farm,Not Applicable,Produce,Spoiled,Packhouse Losses (inedible),1732850.707,1732850.707
2019,Foodservice,Bars And Taverns,Breads & Bakery,Date Label Concerns,Date Label Concerns,219.3329756,1036709.917
2019,Foodservice,Bars And Taverns,Breads & Bakery,Mistakes & Malfunctions,Cooking Issues,9.079800903,42917.02884
2019,Foodservice,Bars And Taverns,Breads & Bakery,Mistakes & Malfunctions,Equipment Issues,0.155626115,735.5899687
2019,Foodservice,Bars And Taverns,Breads & Bakery,Mistakes & Malfunctions,Handling Errors,35.7201045,168836.3843
2019,Foodservice,Bars And Taverns,Breads & Bakery,Other,Other,81.54337447,385426.8823
2019,Foodservice,Bars And Taverns,Breads & Bakery,Spoiled,Spoiled,209.3542291,989543.888
2019,Foodservice,Bars And Taverns,Breads & Bakery,Trimmings & Byproducts,Trimmings & Byproducts,15.62248659,73842.00543
2019,Foodservice,Bars And Taverns,Dairy & Eggs,Date Label Concerns,Date Label Concerns,156.3231152,738884.4441
2019,Foodservice,Bars And Taverns,Dairy & Eggs,Mistakes & Malfunctions,Cooking Issues,8.641601644,40845.8149
2019,Foodservice,Bars And Taverns,Dairy & Eggs,Mistakes & Malfunctions,Equipment Issues,3.007271659,14214.31658
2019,Foodservice,Bars And Taverns,Dairy & Eggs,Mistakes & Malfunctions,Handling Errors,14.89601252,70408.21771
2019,Foodservice,Bars And Taverns,Dairy & Eggs,Other,Other,2.256631174,10666.30273
2019,Foodservice,Bars And Taverns,Dairy & Eggs,Spoiled,Spoiled,79.08458539,373805.0502
2019,Foodservice,Bars And Taverns,Dairy & Eggs,Trimmings & Byproducts,Trimmings & Byproducts,7.331180124,34651.91276
2019,Foodservice,Bars And Taverns,Dry Goods,Date Label Concerns,Date Label Concerns,280.7818464,1327157.14
2019,Foodservice,Bars And Taverns,Dry Goods,Mistakes & Malfunctions,Cooking Issues,96.31497067,455247.0278
2019,Foodservice,Bars And Taverns,Dry Goods,Mistakes & Malfunctions,Equipment Issues,2.492332156,11780.37846
2019,Foodservice,Bars And Taverns,Dry Goods,Mistakes & Malfunctions,Handling Errors,15.31029164,72366.36958
2019,Foodservice,Bars And Taverns,Dry Goods,Other,Other,2.029920633,9594.721654
2019,Foodservice,Bars And Taverns,Dry Goods,Spoiled,Spoiled,74.0344299,349934.7394
2019,Foodservice,Bars And Taverns,Dry Goods,Trimmings & Byproducts,Trimmings & Byproducts,14.4132426,68126.33392
2019,Foodservice,Bars And Taverns,Fresh Meat & Seafood,Date Label Concerns,Date Label Concerns,663.7643065,3137380.675
2019,Foodservice,Bars And Taverns,Fresh Meat & Seafood,Mistakes & Malfunctions,Cooking Issues,58.40163607,276044.0153
2019,Foodservice,Bars And Taverns,Fresh Meat & Seafood,Mistakes & Malfunctions,Equipment Issues,7.853056671,37118.63985
2019,Foodservice,Bars And Taverns,Fresh Meat & Seafood,Mistakes & Malfunctions,Handling Errors,94.29199897,445685.1513
2019,Foodservice,Bars And Taverns,Fresh Meat & Seafood,Other,Other,17.73201957,83813.02668
2019,Foodservice,Bars And Taverns,Fresh Meat & Seafood,Spoiled,Spoiled,212.8415239,1006027.105
2019,Foodservice,Bars And Taverns,Fresh Meat & Seafood,Trimmings & Byproducts,Trimmings & Byproducts,101.9228986,481753.7329
2019,Foodservice,Bars And Taverns,Frozen,Date Label Concerns,Date Label Concerns,0.81210377,3838.529201
2019,Foodservice,Bars And Taverns,Frozen,Mistakes & Malfunctions,Handling Errors,0.580889012,2745.658273
2019,Foodservice,Bars And Taverns,Frozen,Other,Other,0.068966304,325.9794877
2019,Foodservice,Bars And Taverns,Frozen,Spoiled,Spoiled,0.948141545,4481.531973
2019,Foodservice,Bars And Taverns,Frozen,Trimmings & Byproducts,Trimmings & Byproducts,0.20456172,966.8913806
2019,Foodservice,Bars And Taverns,Prepared Foods,Excess,Catering Overproduction,4188.209015,53726618.65
2019,Foodservice,Bars And Taverns,Prepared Foods,Excess,Overproduction,4903.349208,62900483.72
2019,Foodservice,Bars And Taverns,Prepared Foods,Excess,Plate Waste,19455.90475,249581616.2
2019,Foodservice,Bars And Taverns,Produce,Date Label Concerns,Date Label Concerns,230.1182436,1087688.09
2019,Foodservice,Bars And Taverns,Produce,Mistakes & Malfunctions,Cooking Issues,22.33477997,105568.658
2019,Foodservice,Bars And Taverns,Produce,Mistakes & Malfunctions,Equipment Issues,0.453992624,2145.86363
2019,Foodservice,Bars And Taverns,Produce,Mistakes & Malfunctions,Handling Errors,18.46504693,87277.78945
2019,Foodservice,Bars And Taverns,Produce,Other,Other,11.03860782,52175.62095
2019,Foodservice,Bars And Taverns,Produce,Spoiled,Spoiled,122.4464887,578761.5325
2019,Foodservice,Bars And Taverns,Produce,Trimmings & Byproducts,Trimmings & Byproducts,516.1370076,2439598.299
2019,Foodservice,Bars And Taverns,Ready-to-drink Beverages,Date Label Concerns,Date Label Concerns,118.2840733,559087.2576
2019,Foodservice,Bars And Taverns,Ready-to-drink Beverages,Mistakes & Malfunctions,Handling Errors,16.65167511,78706.61795
2019,Foodservice,Bars And Taverns,Ready-to-drink Beverages,Other,Other,83.99495811,397014.6569
2019,Foodservice,Bars And Taverns,Ready-to-drink Beverages,Spoiled,Spoiled,175.6782823,830369.5188
2019,Foodservice,Bars And Taverns,Ready-to-drink Beverages,Trimmings & Byproducts,Trimmings & Byproducts,1.533490253,7248.269663
2019,Foodservice,Business & Industry,Breads & Bakery,Date Label Concerns,Date Label Concerns,1521.827992,7021716.4
2019,Foodservice,Business & Industry,Breads & Bakery,Mistakes & Malfunctions,Cooking Issues,262.6338315,1211792.852
2019,Foodservice,Business & Industry,Breads & Bakery,Mistakes & Malfunctions,Equipment Issues,42.35263353,195415.1081
2019,Foodservice,Business & Industry,Breads & Bakery,Mistakes & Malfunctions,Handling Errors,91.59157634,422603.6564
2019,Foodservice,Business & Industry,Breads & Bakery,Other,Other,125.3403296,578320.4494
2019,Foodservice,Business & Industry,Breads & Bakery,Spoiled,Spoiled,350.8263228,1618713.125
2019,Foodservice,Business & Industry,Breads & Bakery,Trimmings & Byproducts,Trimmings & Byproducts,1454.016847,6708835.686
2019,Foodservice,Business & Industry,Dairy & Eggs,Date Label Concerns,Date Label Concerns,2558.549089,11805148.94
2019,Foodservice,Business & Industry,Dairy & Eggs,Mistakes & Malfunctions,Cooking Issues,221.3882815,1021485.829
2019,Foodservice,Business & Industry,Dairy & Eggs,Mistakes & Malfunctions,Equipment Issues,583.6227211,2692836.02
2019,Foodservice,Business & Industry,Dairy & Eggs,Mistakes & Malfunctions,Handling Errors,160.3164301,739700.2243
2019,Foodservice,Business & Industry,Dairy & Eggs,Other,Other,9.47292971,43708.11042
2019,Foodservice,Business & Industry,Dairy & Eggs,Spoiled,Spoiled,643.570538,2969435.328
2019,Foodservice,Business & Industry,Dairy & Eggs,Trimmings & Byproducts,Trimmings & Byproducts,1573.322693,7259313.02
2019,Foodservice,Business & Industry,Dry Goods,Date Label Concerns,Date Label Concerns,6502.149294,30000925.59
2019,Foodservice,Business & Industry,Dry Goods,Mistakes & Malfunctions,Cooking Issues,1328.791931,6131047.759
2019,Foodservice,Business & Industry,Dry Goods,Mistakes & Malfunctions,Equipment Issues,399.4961898,1843275.957
2019,Foodservice,Business & Industry,Dry Goods,Mistakes & Malfunctions,Handling Errors,728.5791197,3361665.038
2019,Foodservice,Business & Industry,Dry Goods,Other,Other,115.3276831,532122.0849
2019,Foodservice,Business & Industry,Dry Goods,Spoiled,Spoiled,723.7139611,3339217.19
2019,Foodservice,Business & Industry,Dry Goods,Trimmings & Byproducts,Trimmings & Byproducts,2846.775464,13135025.82
2019,Foodservice,Business & Industry,Fresh Meat & Seafood,Date Label Concerns,Date Label Concerns,2059.100952,9500694.562
2019,Foodservice,Business & Industry,Fresh Meat & Seafood,Mistakes & Malfunctions,Cooking Issues,241.3046832,1113380.133
2019,Foodservice,Business & Industry,Fresh Meat & Seafood,Mistakes & Malfunctions,Equipment Issues,258.5609008,1193000.344
2019,Foodservice,Business & Industry,Fresh Meat & Seafood,Mistakes & Malfunctions,Handling Errors,166.1965533,766831.1203
2019,Foodservice,Business & Industry,Fresh Meat & Seafood,Other,Other,17.81479717,82197.49811
2019,Foodservice,Business & Industry,Fresh Meat & Seafood,Spoiled,Spoiled,642.336844,2963743.062
2019,Foodservice,Business & Industry,Fresh Meat & Seafood,Trimmings & Byproducts,Trimmings & Byproducts,6447.822004,29750259.4
2019,Foodservice,Business & Industry,Frozen,Date Label Concerns,Date Label Concerns,40.6083026,187366.7628
2019,Foodservice,Business & Industry,Frozen,Mistakes & Malfunctions,Cooking Issues,68.48570647,315993.1418
2019,Foodservice,Business & Industry,Frozen,Mistakes & Malfunctions,Equipment Issues,366.2581633,1689915.658
2019,Foodservice,Business & Industry,Frozen,Mistakes & Malfunctions,Handling Errors,95.31852378,439799.7969
2019,Foodservice,Business & Industry,Frozen,Other,Other,7.573252574,34942.99756
2019,Foodservice,Business & Industry,Frozen,Trimmings & Byproducts,Trimmings & Byproducts,2.748568391,12681.89825
2019,Foodservice,Business & Industry,Prepared Foods,Excess,Overproduction,29245.13117,260532232
2019,Foodservice,Business & Industry,Prepared Foods,Excess,Plate Waste,229616.889,2045557609
2019,Foodservice,Business & Industry,Produce,Date Label Concerns,Date Label Concerns,388.24255,1791351.648
2019,Foodservice,Business & Industry,Produce,Mistakes & Malfunctions,Cooking Issues,65.61244315,302735.901
2019,Foodservice,Business & Industry,Produce,Mistakes & Malfunctions,Equipment Issues,26.53485004,122431.8338
2019,Foodservice,Business & Industry,Produce,Mistakes & Malfunctions,Handling Errors,36.76918655,169653.0762
2019,Foodservice,Business & Industry,Produce,Other,Other,5.827710305,26889.06319
2019,Foodservice,Business & Industry,Produce,Spoiled,Spoiled,152.4955368,703614.6118
2019,Foodservice,Business & Industry,Produce,Trimmings & Byproducts,Trimmings & Byproducts,7321.066367,33779410.06
2019,Foodservice,Business & Industry,Ready-to-drink Beverages,Date Label Concerns,Date Label Concerns,2255.33842,10406134.5
2019,Foodservice,Business & Industry,Ready-to-drink Beverages,Mistakes & Malfunctions,Cooking Issues,618.1857309,2852309.794
2019,Foodservice,Business & Industry,Ready-to-drink Beverages,Mistakes & Malfunctions,Equipment Issues,10.67605899,49259.35055
2019,Foodservice,Business & Industry,Ready-to-drink Beverages,Mistakes & Malfunctions,Handling Errors,0.821045645,3788.305712
2019,Foodservice,Business & Industry,Ready-to-drink Beverages,Other,Other,12.84578923,59270.48877
2019,Foodservice,Business & Industry,Ready-to-drink Beverages,Spoiled,Spoiled,82.10456453,378830.5712
2019,Foodservice,Business & Industry,Ready-to-drink Beverages,Trimmings & Byproducts,Trimmings & Byproducts,2245.263968,10359650.97
2019,Foodservice,Caterers,Breads & Bakery,Date Label Concerns,Date Label Concerns,436.5486971,2014236.275
2019,Foodservice,Caterers,Breads & Bakery,Mistakes & Malfunctions,Cooking Issues,18.07195313,83384.01603
2019,Foodservice,Caterers,Breads & Bakery,Mistakes & Malfunctions,Equipment Issues,0.309749948,1429.186675
2019,Foodservice,Caterers,Breads & Bakery,Mistakes & Malfunctions,Handling Errors,71.09539748,328034.2596
2019,Foodservice,Caterers,Breads & Bakery,Other,Other,162.2995985,748850.5659
2019,Foodservice,Caterers,Breads & Bakery,Spoiled,Spoiled,416.6875304,1922596.826
2019,Foodservice,Caterers,Breads & Bakery,Trimmings & Byproducts,Trimmings & Byproducts,31.09416698,143468.5283
2019,Foodservice,Caterers,Dairy & Eggs,Date Label Concerns,Date Label Concerns,977.2205754,4508897.049
2019,Foodservice,Caterers,Dairy & Eggs,Mistakes & Malfunctions,Cooking Issues,54.02112746,249253.5548
2019,Foodservice,Caterers,Dairy & Eggs,Mistakes & Malfunctions,Equipment Issues,18.79931664,86740.07227
2019,Foodservice,Caterers,Dairy & Eggs,Mistakes & Malfunctions,Handling Errors,93.11924154,429652.3057
2019,Foodservice,Caterers,Dairy & Eggs,Other,Other,14.10684793,65089.01533
2019,Foodservice,Caterers,Dairy & Eggs,Spoiled,Spoiled,494.3803989,2281071.825
2019,Foodservice,Caterers,Dairy & Eggs,Trimmings & Byproducts,Trimmings & Byproducts,45.82930714,211456.4848
2019,Foodservice,Caterers,Dry Goods,Date Label Concerns,Date Label Concerns,2159.33786,9963187.79
2019,Foodservice,Caterers,Dry Goods,Mistakes & Malfunctions,Cooking Issues,740.7051608,3417614.608
2019,Foodservice,Caterers,Dry Goods,Mistakes & Malfunctions,Equipment Issues,19.16714793,88437.24631
2019,Foodservice,Caterers,Dry Goods,Mistakes & Malfunctions,Handling Errors,117.7429838,543266.2856
2019,Foodservice,Caterers,Dry Goods,Other,Other,15.61099669,72029.15974
2019,Foodservice,Caterers,Dry Goods,Spoiled,Spoiled,569.3578467,2627017.87
2019,Foodservice,Caterers,Dry Goods,Trimmings & Byproducts,Trimmings & Byproducts,110.8442758,511435.6378
2019,Foodservice,Caterers,Fresh Meat & Seafood,Date Label Concerns,Date Label Concerns,1665.568801,7684936.686
2019,Foodservice,Caterers,Fresh Meat & Seafood,Mistakes & Malfunctions,Cooking Issues,146.5459079,676163.0163
2019,Foodservice,Caterers,Fresh Meat & Seafood,Mistakes & Malfunctions,Equipment Issues,19.70549795,90921.19404
2019,Foodservice,Caterers,Fresh Meat & Seafood,Mistakes & Malfunctions,Handling Errors,236.6047859,1091694.8
2019,Foodservice,Caterers,Fresh Meat & Seafood,Other,Other,44.4945567,205297.9444
2019,Foodservice,Caterers,Fresh Meat & Seafood,Spoiled,Spoiled,534.0784344,2464238.615
2019,Foodservice,Caterers,Fresh Meat & Seafood,Trimmings & Byproducts,Trimmings & Byproducts,255.7528302,1180043.903
2019,Foodservice,Caterers,Frozen,Date Label Concerns,Date Label Concerns,53.2701757,245788.6623
2019,Foodservice,Caterers,Frozen,Mistakes & Malfunctions,Handling Errors,38.10357847,175809.9623
2019,Foodservice,Caterers,Frozen,Other,Other,4.523864135,20873.11521
2019,Foodservice,Caterers,Frozen,Spoiled,Spoiled,62.19361195,286961.4092
2019,Foodservice,Caterers,Frozen,Trimmings & Byproducts,Trimmings & Byproducts,13.41828368,61911.97893
2019,Foodservice,Caterers,Prepared Foods,Excess,Catering Overproduction,197987.8323,2724691471
2019,Foodservice,Caterers,Prepared Foods,Excess,Overproduction,17456.4894,240234701.4
2019,Foodservice,Caterers,Prepared Foods,Excess,Plate Waste,68220.9502,938850832.4
2019,Foodservice,Caterers,Produce,Date Label Concerns,Date Label Concerns,589.8131235,2721398.545
2019,Foodservice,Caterers,Produce,Mistakes & Malfunctions,Cooking Issues,57.24598854,264133.0681
2019,Foodservice,Caterers,Produce,Mistakes & Malfunctions,Equipment Issues,1.16362268,5368.956612
2019,Foodservice,Caterers,Produce,Mistakes & Malfunctions,Handling Errors,47.32752532,218369.2655
2019,Foodservice,Caterers,Produce,Other,Other,28.29291435,130543.5449
2019,Foodservice,Caterers,Produce,Spoiled,Spoiled,313.8410271,1448062.921
2019,Foodservice,Caterers,Produce,Trimmings & Byproducts,Trimmings & Byproducts,1322.904155,6103881.55
2019,Foodservice,Caterers,Ready-to-drink Beverages,Date Label Concerns,Date Label Concerns,460.5729302,2125084.119
2019,Foodservice,Caterers,Ready-to-drink Beverages,Mistakes & Malfunctions,Handling Errors,64.83806806,299162.9332
2019,Foodservice,Caterers,Ready-to-drink Beverages,Other,Other,327.0584356,1509048.062
2019,Foodservice,Caterers,Ready-to-drink Beverages,Spoiled,Spoiled,684.0537273,3156224.818
2019,Foodservice,Caterers,Ready-to-drink Beverages,Trimmings & Byproducts,Trimmings & Byproducts,5.971083676,27550.58811
2019,Foodservice,Colleges & Universities,Breads & Bakery,Date Label Concerns,Date Label Concerns,1593.036691,7350273.437
2019,Foodservice,Colleges & Universities,Breads & Bakery,Mistakes & Malfunctions,Cooking Issues,372.0683399,1716723.821
2019,Foodservice,Colleges & Universities,Breads & Bakery,Mistakes & Malfunctions,Equipment Issues,22.26821244,102745.5622
2019,Foodservice,Colleges & Universities,Breads & Bakery,Mistakes & Malfunctions,Handling Errors,167.2051083,771484.5948
2019,Foodservice,Colleges & Universities,Breads & Bakery,Other,Other,12.82844332,59190.45473
2019,Foodservice,Colleges & Universities,Breads & Bakery,Spoiled,Spoiled,772.7336723,3565394.203
2019,Foodservice,Colleges & Universities,Breads & Bakery,Trimmings & Byproducts,Trimmings & Byproducts,978.3284974,4514009.003
2019,Foodservice,Colleges & Universities,Dairy & Eggs,Date Label Concerns,Date Label Concerns,2696.621709,12442216.19
2019,Foodservice,Colleges & Universities,Dairy & Eggs,Mistakes & Malfunctions,Cooking Issues,306.7468089,1415330.189
2019,Foodservice,Colleges & Universities,Dairy & Eggs,Mistakes & Malfunctions,Equipment Issues,318.2426881,1468372.191
2019,Foodservice,Colleges & Universities,Dairy & Eggs,Mistakes & Malfunctions,Handling Errors,183.2082909,845323.3006
2019,Foodservice,Colleges & Universities,Dairy & Eggs,Other,Other,10.98383134,50679.41256
2019,Foodservice,Colleges & Universities,Dairy & Eggs,Spoiled,Spoiled,1409.514296,6503500.858
2019,Foodservice,Colleges & Universities,Dairy & Eggs,Trimmings & Byproducts,Trimmings & Byproducts,929.3331007,4287944.177
2019,Foodservice,Colleges & Universities,Dry Goods,Date Label Concerns,Date Label Concerns,6767.681472,31226091.41
2019,Foodservice,Colleges & Universities,Dry Goods,Mistakes & Malfunctions,Cooking Issues,1941.489054,8958033.108
2019,Foodservice,Colleges & Universities,Dry Goods,Mistakes & Malfunctions,Equipment Issues,180.5804504,833198.4413
2019,Foodservice,Colleges & Universities,Dry Goods,Mistakes & Malfunctions,Handling Errors,649.9909493,2999059.114
2019,Foodservice,Colleges & Universities,Dry Goods,Other,Other,62.53449629,288534.25
2019,Foodservice,Colleges & Universities,Dry Goods,Spoiled,Spoiled,1463.216457,6751282.699
2019,Foodservice,Colleges & Universities,Dry Goods,Trimmings & Byproducts,Trimmings & Byproducts,1808.934957,8346428.325
2019,Foodservice,Colleges & Universities,Fresh Meat & Seafood,Date Label Concerns,Date Label Concerns,2701.096795,12462864.24
2019,Foodservice,Colleges & Universities,Fresh Meat & Seafood,Mistakes & Malfunctions,Cooking Issues,507.2734877,2340560.554
2019,Foodservice,Colleges & Universities,Fresh Meat & Seafood,Mistakes & Malfunctions,Equipment Issues,136.8225281,631299.3287
2019,Foodservice,Colleges & Universities,Fresh Meat & Seafood,Mistakes & Malfunctions,Handling Errors,316.3552317,1459663.464
2019,Foodservice,Colleges & Universities,Fresh Meat & Seafood,Other,Other,27.26507261,125801.0817
2019,Foodservice,Colleges & Universities,Fresh Meat & Seafood,Spoiled,Spoiled,1358.251875,6266975.979
2019,Foodservice,Colleges & Universities,Fresh Meat & Seafood,Trimmings & Byproducts,Trimmings & Byproducts,4964.613523,22906733.47
2019,Foodservice,Colleges & Universities,Frozen,Date Label Concerns,Date Label Concerns,41.33961517,190741.04
2019,Foodservice,Colleges & Universities,Frozen,Mistakes & Malfunctions,Cooking Issues,69.7167968,321673.3942
2019,Foodservice,Colleges & Universities,Frozen,Mistakes & Malfunctions,Equipment Issues,373.1071294,1721516.797
2019,Foodservice,Colleges & Universities,Frozen,Mistakes & Malfunctions,Handling Errors,96.86805396,446949.3312
2019,Foodservice,Colleges & Universities,Frozen,Other,Other,7.707407299,35561.98765
2019,Foodservice,Colleges & Universities,Frozen,Trimmings & Byproducts,Trimmings & Byproducts,2.802685098,12931.59281
2019,Foodservice,Colleges & Universities,Prepared Foods,Excess,Catering Overproduction,53829.50611,521733124.8
2019,Foodservice,Colleges & Universities,Prepared Foods,Excess,Overproduction,29748.44557,288331634.2
2019,Foodservice,Colleges & Universities,Prepared Foods,Excess,Plate Waste,153427.6454,1487070765
2019,Foodservice,Colleges & Universities,Produce,Date Label Concerns,Date Label Concerns,628.9216296,2901845.245
2019,Foodservice,Colleges & Universities,Produce,Mistakes & Malfunctions,Cooking Issues,169.5539341,782322.0798
2019,Foodservice,Colleges & Universities,Produce,Mistakes & Malfunctions,Equipment Issues,13.50592017,62316.33382
2019,Foodservice,Colleges & Universities,Produce,Mistakes & Malfunctions,Handling Errors,76.94156697,355008.4935
2019,Foodservice,Colleges & Universities,Produce,Other,Other,11.84414102,54648.88261
2019,Foodservice,Colleges & Universities,Produce,Spoiled,Spoiled,480.9398115,2219056.937
2019,Foodservice,Colleges & Universities,Produce,Trimmings & Byproducts,Trimmings & Byproducts,6760.036206,31190816.15
2019,Foodservice,Colleges & Universities,Ready-to-drink Beverages,Date Label Concerns,Date Label Concerns,1463.942282,6754631.657
2019,Foodservice,Colleges & Universities,Ready-to-drink Beverages,Mistakes & Malfunctions,Cooking Issues,84.7869277,391206.9985
2019,Foodservice,Colleges & Universities,Ready-to-drink Beverages,Mistakes & Malfunctions,Equipment Issues,324.0813041,1495311.573
2019,Foodservice,Colleges & Universities,Ready-to-drink Beverages,Mistakes & Malfunctions,Handling Errors,209.874519,968361.3131
2019,Foodservice,Colleges & Universities,Ready-to-drink Beverages,Other,Other,35.75748827,164985.099
2019,Foodservice,Colleges & Universities,Ready-to-drink Beverages,Spoiled,Spoiled,164.757563,760191.6175
2019,Foodservice,Colleges & Universities,Ready-to-drink Beverages,Trimmings & Byproducts,Trimmings & Byproducts,3036.9109,14012310.98
2019,Foodservice,Corrections,Breads & Bakery,Date Label Concerns,Date Label Concerns,392.716457,1811994.261
2019,Foodservice,Corrections,Breads & Bakery,Mistakes & Malfunctions,Cooking Issues,91.72253281,423207.8898
2019,Foodservice,Corrections,Breads & Bakery,Mistakes & Malfunctions,Equipment Issues,5.489574435,25328.90383
2019,Foodservice,Corrections,Breads & Bakery,Mistakes & Malfunctions,Handling Errors,41.21951371,190186.8917
2019,Foodservice,Corrections,Breads & Bakery,Other,Other,3.162476317,14591.66998
2019,Foodservice,Corrections,Breads & Bakery,Spoiled,Spoiled,190.4948151,878943.3331
2019,Foodservice,Corrections,Breads & Bakery,Trimmings & Byproducts,Trimmings & Byproducts,241.1781871,1112796.48
2019,Foodservice,Corrections,Dairy & Eggs,Date Label Concerns,Date Label Concerns,664.7729641,3067263.351
2019,Foodservice,Corrections,Dairy & Eggs,Mistakes & Malfunctions,Cooking Issues,75.61942587,348908.1327
2019,Foodservice,Corrections,Dairy & Eggs,Mistakes & Malfunctions,Equipment Issues,78.4533976,361984.082
2019,Foodservice,Corrections,Dairy & Eggs,Mistakes & Malfunctions,Handling Errors,45.16462884,208389.6582
2019,Foodservice,Corrections,Dairy & Eggs,Other,Other,2.707741353,12493.52225
2019,Foodservice,Corrections,Dairy & Eggs,Spoiled,Spoiled,347.4743949,1603247.325
2019,Foodservice,Corrections,Dairy & Eggs,Trimmings & Byproducts,Trimmings & Byproducts,229.0998096,1057066.83
2019,Foodservice,Corrections,Dry Goods,Date Label Concerns,Date Label Concerns,1668.373305,7697876.673
2019,Foodservice,Corrections,Dry Goods,Mistakes & Malfunctions,Cooking Issues,478.6171636,2208340.236
2019,Foodservice,Corrections,Dry Goods,Mistakes & Malfunctions,Equipment Issues,44.51681188,205400.6299
2019,Foodservice,Corrections,Dry Goods,Mistakes & Malfunctions,Handling Errors,160.236198,739330.033
2019,Foodservice,Corrections,Dry Goods,Other,Other,15.41604531,71129.65381
2019,Foodservice,Corrections,Dry Goods,Spoiled,Spoiled,360.713087,1664330.669
2019,Foodservice,Corrections,Dry Goods,Trimmings & Byproducts,Trimmings & Byproducts,445.93984,2057567.022
2019,Foodservice,Corrections,Fresh Meat & Seafood,Date Label Concerns,Date Label Concerns,665.8761653,3072353.522
2019,Foodservice,Corrections,Fresh Meat & Seafood,Mistakes & Malfunctions,Cooking Issues,125.0533951,576996.5333
2019,Foodservice,Corrections,Fresh Meat & Seafood,Mistakes & Malfunctions,Equipment Issues,33.72957997,155628.3273
2019,Foodservice,Corrections,Fresh Meat & Seafood,Mistakes & Malfunctions,Handling Errors,77.98810059,359837.201
2019,Foodservice,Corrections,Fresh Meat & Seafood,Other,Other,6.721403703,31012.56572
2019,Foodservice,Corrections,Fresh Meat & Seafood,Spoiled,Spoiled,334.8371491,1544939.056
2019,Foodservice,Corrections,Fresh Meat & Seafood,Trimmings & Byproducts,Trimmings & Byproducts,1223.879804,5646983.06
2019,Foodservice,Corrections,Frozen,Date Label Concerns,Date Label Concerns,10.19106923,47021.60712
2019,Foodservice,Corrections,Frozen,Mistakes & Malfunctions,Cooking Issues,17.18663078,79299.13753
2019,Foodservice,Corrections,Frozen,Mistakes & Malfunctions,Equipment Issues,91.97861589,424389.4574
2019,Foodservice,Corrections,Frozen,Mistakes & Malfunctions,Handling Errors,23.87997662,110182.2442
2019,Foodservice,Corrections,Frozen,Other,Other,1.900035136,8766.764675
2019,Foodservice,Corrections,Frozen,Trimmings & Byproducts,Trimmings & Byproducts,0.690919781,3187.904798
2019,Foodservice,Corrections,Prepared Foods,Excess,Overproduction,7333.606445,64242013.18
2019,Foodservice,Corrections,Prepared Foods,Excess,Plate Waste,57612.23139,504680167.5
2019,Foodservice,Corrections,Produce,Date Label Concerns,Date Label Concerns,155.0421754,715364.8057
2019,Foodservice,Corrections,Produce,Mistakes & Malfunctions,Cooking Issues,41.79854778,192858.5557
2019,Foodservice,Corrections,Produce,Mistakes & Malfunctions,Equipment Issues,3.329488357,15362.26376
2019,Foodservice,Corrections,Produce,Mistakes & Malfunctions,Handling Errors,18.96768589,87516.92822
2019,Foodservice,Corrections,Produce,Other,Other,2.919825465,13472.07862
2019,Foodservice,Corrections,Produce,Spoiled,Spoiled,118.5615999,547043.3813
2019,Foodservice,Corrections,Produce,Trimmings & Byproducts,Trimmings & Byproducts,1666.488589,7689180.591
2019,Foodservice,Corrections,Ready-to-drink Beverages,Date Label Concerns,Date Label Concerns,360.8920179,1665156.256
2019,Foodservice,Corrections,Ready-to-drink Beverages,Mistakes & Malfunctions,Cooking Issues,20.9017294,96440.60756
2019,Foodservice,Corrections,Ready-to-drink Beverages,Mistakes & Malfunctions,Equipment Issues,79.89273707,368625.1963
2019,Foodservice,Corrections,Ready-to-drink Beverages,Mistakes & Malfunctions,Handling Errors,51.738405,238721.0703
2019,Foodservice,Corrections,Ready-to-drink Beverages,Other,Other,8.814959617,40672.23553
2019,Foodservice,Corrections,Ready-to-drink Beverages,Spoiled,Spoiled,40.61614323,187402.9395
2019,Foodservice,Corrections,Ready-to-drink Beverages,Trimmings & Byproducts,Trimmings & Byproducts,748.6612802,3454324.154
2019,Foodservice,Full Service Restaurants,Breads & Bakery,Date Label Concerns,Date Label Concerns,8248.528884,37240862.36
2019,Foodservice,Full Service Restaurants,Breads & Bakery,Mistakes & Malfunctions,Cooking Issues,341.4671224,1541672.495
2019,Foodservice,Full Service Restaurants,Breads & Bakery,Mistakes & Malfunctions,Equipment Issues,5.852683577,26423.98257
2019,Foodservice,Full Service Restaurants,Breads & Bakery,Mistakes & Malfunctions,Handling Errors,1343.337968,6064968.077
2019,Foodservice,Full Service Restaurants,Breads & Bakery,Other,Other,3066.629073,13845367.19
2019,Foodservice,Full Service Restaurants,Breads & Bakery,Spoiled,Spoiled,7873.254814,35546556.59
2019,Foodservice,Full Service Restaurants,Breads & Bakery,Trimmings & Byproducts,Trimmings & Byproducts,587.5201007,2652564.537
2019,Foodservice,Full Service Restaurants,Dairy & Eggs,Date Label Concerns,Date Label Concerns,20751.33872,91902064.42
2019,Foodservice,Full Service Restaurants,Dairy & Eggs,Mistakes & Malfunctions,Cooking Issues,1147.141948,5080381.299
2019,Foodservice,Full Service Restaurants,Dairy & Eggs,Mistakes & Malfunctions,Equipment Issues,399.2046394,1767969.333
2019,Foodservice,Full Service Restaurants,Dairy & Eggs,Mistakes & Malfunctions,Handling Errors,1977.392793,8757337.648
2019,Foodservice,Full Service Restaurants,Dairy & Eggs,Other,Other,299.5597791,1326669.209
2019,Foodservice,Full Service Restaurants,Dairy & Eggs,Spoiled,Spoiled,10498.19803,46493678.51
2019,Foodservice,Full Service Restaurants,Dairy & Eggs,Trimmings & Byproducts,Trimmings & Byproducts,973.1881417,4309986.96
2019,Foodservice,Full Service Restaurants,Dry Goods,Date Label Concerns,Date Label Concerns,44681.16268,201991362.4
2019,Foodservice,Full Service Restaurants,Dry Goods,Mistakes & Malfunctions,Cooking Issues,15326.72047,69287927.25
2019,Foodservice,Full Service Restaurants,Dry Goods,Mistakes & Malfunctions,Equipment Issues,396.6079003,1792956.255
2019,Foodservice,Full Service Restaurants,Dry Goods,Mistakes & Malfunctions,Handling Errors,2436.345655,11014054.89
2019,Foodservice,Full Service Restaurants,Dry Goods,Other,Other,323.0237823,1460302.507
2019,Foodservice,Full Service Restaurants,Dry Goods,Spoiled,Spoiled,11781.19045,53259552.04
2019,Foodservice,Full Service Restaurants,Dry Goods,Trimmings & Byproducts,Trimmings & Byproducts,2293.597131,10368727.7
2019,Foodservice,Full Service Restaurants,Fresh Meat & Seafood,Date Label Concerns,Date Label Concerns,34681.49842,172001758.9
2019,Foodservice,Full Service Restaurants,Fresh Meat & Seafood,Mistakes & Malfunctions,Cooking Issues,3051.469068,15133661.2
2019,Foodservice,Full Service Restaurants,Fresh Meat & Seafood,Mistakes & Malfunctions,Equipment Issues,410.3200035,2034968.659
2019,Foodservice,Full Service Restaurants,Fresh Meat & Seafood,Mistakes & Malfunctions,Handling Errors,4926.73044,24433958.74
2019,Foodservice,Full Service Restaurants,Fresh Meat & Seafood,Other,Other,926.493038,4594911.968
2019,Foodservice,Full Service Restaurants,Fresh Meat & Seafood,Spoiled,Spoiled,11120.90979,55153788.97
2019,Foodservice,Full Service Restaurants,Fresh Meat & Seafood,Trimmings & Byproducts,Trimmings & Byproducts,5325.442801,26411359.67
2019,Foodservice,Full Service Restaurants,Frozen,Date Label Concerns,Date Label Concerns,544.2589402,2468677.411
2019,Foodservice,Full Service Restaurants,Frozen,Mistakes & Malfunctions,Handling Errors,389.3025124,1765818.156
2019,Foodservice,Full Service Restaurants,Frozen,Other,Other,46.22011224,209647.5383
2019,Foodservice,Full Service Restaurants,Frozen,Spoiled,Spoiled,635.4292788,2882212.474
2019,Foodservice,Full Service Restaurants,Frozen,Trimmings & Byproducts,Trimmings & Byproducts,137.0939885,621837.8928
2019,Foodservice,Full Service Restaurants,Prepared Foods,Excess,Catering Overproduction,240397.6764,3952745230
2019,Foodservice,Full Service Restaurants,Prepared Foods,Excess,Overproduction,353752.4112,5845508431
2019,Foodservice,Full Service Restaurants,Prepared Foods,Excess,Plate Waste,4592039.529,75960997759
2019,Foodservice,Full Service Restaurants,Produce,Date Label Concerns,Date Label Concerns,11866.98105,58272498.38
2019,Foodservice,Full Service Restaurants,Produce,Mistakes & Malfunctions,Cooking Issues,1151.783563,5655802.9
2019,Foodservice,Full Service Restaurants,Produce,Mistakes & Malfunctions,Equipment Issues,23.41197193,114963.8725
2019,Foodservice,Full Service Restaurants,Produce,Mistakes & Malfunctions,Handling Errors,952.2250755,4675876.193
2019,Foodservice,Full Service Restaurants,Produce,Other,Other,569.2506067,2795290.135
2019,Foodservice,Full Service Restaurants,Produce,Spoiled,Spoiled,6314.450073,31006941.04
2019,Foodservice,Full Service Restaurants,Produce,Trimmings & Byproducts,Trimmings & Byproducts,26616.69927,130700601.8
2019,Foodservice,Full Service Restaurants,Ready-to-drink Beverages,Date Label Concerns,Date Label Concerns,8963.398289,41760918.59
2019,Foodservice,Full Service Restaurants,Ready-to-drink Beverages,Mistakes & Malfunctions,Handling Errors,1261.840178,5878976.171
2019,Foodservice,Full Service Restaurants,Ready-to-drink Beverages,Other,Other,6365.018068,29654935.86
2019,Foodservice,Full Service Restaurants,Ready-to-drink Beverages,Spoiled,Spoiled,13312.64954,62024296.57
2019,Foodservice,Full Service Restaurants,Ready-to-drink Beverages,Trimmings & Byproducts,Trimmings & Byproducts,116.2057032,541408.1527
2019,Foodservice,Healthcare,Breads & Bakery,Date Label Concerns,Date Label Concerns,3136.035804,14469673.42
2019,Foodservice,Healthcare,Breads & Bakery,Mistakes & Malfunctions,Cooking Issues,273.0542864,1259872.845
2019,Foodservice,Healthcare,Breads & Bakery,Mistakes & Malfunctions,Equipment Issues,32.02711787,147773.1649
2019,Foodservice,Healthcare,Breads & Bakery,Mistakes & Malfunctions,Handling Errors,146.5077206,675986.8199
2019,Foodservice,Healthcare,Breads & Bakery,Other,Other,7.87361493,36328.86988
2019,Foodservice,Healthcare,Breads & Bakery,Spoiled,Spoiled,591.1342885,2727494.402
2019,Foodservice,Healthcare,Breads & Bakery,Trimmings & Byproducts,Trimmings & Byproducts,755.0261806,3483691.813
2019,Foodservice,Healthcare,Dairy & Eggs,Date Label Concerns,Date Label Concerns,4642.79371,21421856.42
2019,Foodservice,Healthcare,Dairy & Eggs,Mistakes & Malfunctions,Cooking Issues,275.913482,1273065.177
2019,Foodservice,Healthcare,Dairy & Eggs,Mistakes & Malfunctions,Equipment Issues,518.6367606,2392990.711
2019,Foodservice,Healthcare,Dairy & Eggs,Mistakes & Malfunctions,Handling Errors,336.9747074,1554801.753
2019,Foodservice,Healthcare,Dairy & Eggs,Other,Other,17.14795052,79120.66677
2019,Foodservice,Healthcare,Dairy & Eggs,Spoiled,Spoiled,1043.654925,4815425.229
2019,Foodservice,Healthcare,Dairy & Eggs,Trimmings & Byproducts,Trimmings & Byproducts,548.2947371,2529832.655
2019,Foodservice,Healthcare,Dry Goods,Date Label Concerns,Date Label Concerns,9134.919608,42148531.36
2019,Foodservice,Healthcare,Dry Goods,Mistakes & Malfunctions,Cooking Issues,1479.287667,6825435.287
2019,Foodservice,Healthcare,Dry Goods,Mistakes & Malfunctions,Equipment Issues,134.2859009,619595.3275
2019,Foodservice,Healthcare,Dry Goods,Mistakes & Malfunctions,Handling Errors,580.3889965,2677915.611
2019,Foodservice,Healthcare,Dry Goods,Other,Other,84.20356211,388515.3488
2019,Foodservice,Healthcare,Dry Goods,Spoiled,Spoiled,623.4307789,2876510.452
2019,Foodservice,Healthcare,Dry Goods,Trimmings & Byproducts,Trimmings & Byproducts,4199.680051,19377329.4
2019,Foodservice,Healthcare,Fresh Meat & Seafood,Date Label Concerns,Date Label Concerns,4617.874613,21306879.68
2019,Foodservice,Healthcare,Fresh Meat & Seafood,Mistakes & Malfunctions,Cooking Issues,702.6477919,3242017.857
2019,Foodservice,Healthcare,Fresh Meat & Seafood,Mistakes & Malfunctions,Equipment Issues,172.4679132,795767.1834
2019,Foodservice,Healthcare,Fresh Meat & Seafood,Mistakes & Malfunctions,Handling Errors,417.5407941,1926533.786
2019,Foodservice,Healthcare,Fresh Meat & Seafood,Other,Other,43.53734629,200881.3744
2019,Foodservice,Healthcare,Fresh Meat & Seafood,Spoiled,Spoiled,1109.937976,5121255.316
2019,Foodservice,Healthcare,Fresh Meat & Seafood,Trimmings & Byproducts,Trimmings & Byproducts,5561.920119,25662706.91
2019,Foodservice,Healthcare,Frozen,Date Label Concerns,Date Label Concerns,52.13420949,240547.3127
2019,Foodservice,Healthcare,Frozen,Mistakes & Malfunctions,Cooking Issues,87.92123666,405668.7042
2019,Foodservice,Healthcare,Frozen,Mistakes & Malfunctions,Equipment Issues,470.5328089,2171039.013
2019,Foodservice,Healthcare,Frozen,Mistakes & Malfunctions,Handling Errors,122.1622262,563656.6758
2019,Foodservice,Healthcare,Frozen,Other,Other,9.719964375,44847.9287
2019,Foodservice,Healthcare,Frozen,Trimmings & Byproducts,Trimmings & Byproducts,3.534521824,16308.28845
2019,Foodservice,Healthcare,Prepared Foods,Excess,Overproduction,75954.60242,717093920.5
2019,Foodservice,Healthcare,Prepared Foods,Excess,Plate Waste,584478.4301,5518111023
2019,Foodservice,Healthcare,Produce,Date Label Concerns,Date Label Concerns,1793.669367,8275992.871
2019,Foodservice,Healthcare,Produce,Mistakes & Malfunctions,Cooking Issues,262.8860637,1212956.652
2019,Foodservice,Healthcare,Produce,Mistakes & Malfunctions,Equipment Issues,29.22777268,134856.9824
2019,Foodservice,Healthcare,Produce,Mistakes & Malfunctions,Handling Errors,55.00680515,253801.4729
2019,Foodservice,Healthcare,Produce,Other,Other,10.0564071,46400.27591
2019,Foodservice,Healthcare,Produce,Spoiled,Spoiled,819.9026773,3783032.056
2019,Foodservice,Healthcare,Produce,Trimmings & Byproducts,Trimmings & Byproducts,7296.964922,33668205.97
2019,Foodservice,Healthcare,Ready-to-drink Beverages,Date Label Concerns,Date Label Concerns,4997.849561,23060084.6
2019,Foodservice,Healthcare,Ready-to-drink Beverages,Mistakes & Malfunctions,Cooking Issues,134.7190527,621593.8906
2019,Foodservice,Healthcare,Ready-to-drink Beverages,Mistakes & Malfunctions,Equipment Issues,169.2565349,780949.8795
2019,Foodservice,Healthcare,Ready-to-drink Beverages,Mistakes & Malfunctions,Handling Errors,119.5088371,551413.9352
2019,Foodservice,Healthcare,Ready-to-drink Beverages,Other,Other,107.2148658,494689.5352
2019,Foodservice,Healthcare,Ready-to-drink Beverages,Spoiled,Spoiled,557.2685638,2571237.903
2019,Foodservice,Healthcare,Ready-to-drink Beverages,Trimmings & Byproducts,Trimmings & Byproducts,623.4801764,2876738.372
2019,Foodservice,K-12 Education,Breads & Bakery,Date Label Concerns,Date Label Concerns,2143.699067,9891030.378
2019,Foodservice,K-12 Education,Breads & Bakery,Mistakes & Malfunctions,Cooking Issues,500.6805916,2310140.923
2019,Foodservice,K-12 Education,Breads & Bakery,Mistakes & Malfunctions,Equipment Issues,29.96562885,138261.4518
2019,Foodservice,K-12 Education,Breads & Bakery,Mistakes & Malfunctions,Handling Errors,225.0026234,1038162.407
2019,Foodservice,K-12 Education,Breads & Bakery,Other,Other,17.26283024,79650.72195
2019,Foodservice,K-12 Education,Breads & Bakery,Spoiled,Spoiled,1039.843251,4797838.159
2019,Foodservice,K-12 Education,Breads & Bakery,Trimmings & Byproducts,Trimmings & Byproducts,1316.505702,6074359.078
2019,Foodservice,K-12 Education,Dairy & Eggs,Date Label Concerns,Date Label Concerns,3628.758504,16743096.62
2019,Foodservice,K-12 Education,Dairy & Eggs,Mistakes & Malfunctions,Cooking Issues,412.7794743,1904565.05
2019,Foodservice,K-12 Education,Dairy & Eggs,Mistakes & Malfunctions,Equipment Issues,428.2491152,1975941.994
2019,Foodservice,K-12 Education,Dairy & Eggs,Mistakes & Malfunctions,Handling Errors,246.5375998,1137524.817
2019,Foodservice,K-12 Education,Dairy & Eggs,Other,Other,14.78059427,68197.68182
2019,Foodservice,K-12 Education,Dairy & Eggs,Spoiled,Spoiled,1896.738787,8751555.313
2019,Foodservice,K-12 Education,Dairy & Eggs,Trimmings & Byproducts,Trimmings & Byproducts,1250.574147,5770150.795
2019,Foodservice,K-12 Education,Dry Goods,Date Label Concerns,Date Label Concerns,9107.054806,42019963.12
2019,Foodservice,K-12 Education,Dry Goods,Mistakes & Malfunctions,Cooking Issues,2612.600386,12054541.69
2019,Foodservice,K-12 Education,Dry Goods,Mistakes & Malfunctions,Equipment Issues,243.001398,1121208.777
2019,Foodservice,K-12 Education,Dry Goods,Mistakes & Malfunctions,Handling Errors,874.6722527,4035738.951
2019,Foodservice,K-12 Education,Dry Goods,Other,Other,84.15069287,388271.4101
2019,Foodservice,K-12 Education,Dry Goods,Spoiled,Spoiled,1969.004085,9084987.497
2019,Foodservice,K-12 Education,Dry Goods,Trimmings & Byproducts,Trimmings & Byproducts,2434.226531,11231524.49
2019,Foodservice,K-12 Education,Fresh Meat & Seafood,Date Label Concerns,Date Label Concerns,3634.780486,16770882.05
2019,Foodservice,K-12 Education,Fresh Meat & Seafood,Mistakes & Malfunctions,Cooking Issues,682.6218807,3149618.276
2019,Foodservice,K-12 Education,Fresh Meat & Seafood,Mistakes & Malfunctions,Equipment Issues,184.1177466,849519.5304
2019,Foodservice,K-12 Education,Fresh Meat & Seafood,Mistakes & Malfunctions,Handling Errors,425.7092248,1964222.936
2019,Foodservice,K-12 Education,Fresh Meat & Seafood,Other,Other,36.68974546,169286.5349
2019,Foodservice,K-12 Education,Fresh Meat & Seafood,Spoiled,Spoiled,1827.756569,8433271.268
2019,Foodservice,K-12 Education,Fresh Meat & Seafood,Trimmings & Byproducts,Trimmings & Byproducts,6680.723322,30824866.39
2019,Foodservice,K-12 Education,Frozen,Date Label Concerns,Date Label Concerns,55.62941202,256674.1819
2019,Foodservice,K-12 Education,Frozen,Mistakes & Malfunctions,Cooking Issues,93.8156874,432865.7078
2019,Foodservice,K-12 Education,Frozen,Mistakes & Malfunctions,Equipment Issues,502.0784578,2316590.679
2019,Foodservice,K-12 Education,Frozen,Mistakes & Malfunctions,Handling Errors,130.352275,601445.5722
2019,Foodservice,K-12 Education,Frozen,Other,Other,10.37161412,47854.64148
2019,Foodservice,K-12 Education,Frozen,Trimmings & Byproducts,Trimmings & Byproducts,3.771484651,17401.63525
2019,Foodservice,K-12 Education,Prepared Foods,Excess,Overproduction,40031.54188,352790054.6
2019,Foodservice,K-12 Education,Prepared Foods,Excess,Plate Waste,504583.5359,4446794824
2019,Foodservice,K-12 Education,Produce,Date Label Concerns,Date Label Concerns,846.3199359,3904921.323
2019,Foodservice,K-12 Education,Produce,Mistakes & Malfunctions,Cooking Issues,228.1633639,1052746.068
2019,Foodservice,K-12 Education,Produce,Mistakes & Malfunctions,Equipment Issues,18.1744894,83857.11854
2019,Foodservice,K-12 Education,Produce,Mistakes & Malfunctions,Handling Errors,103.537832,477723.6961
2019,Foodservice,K-12 Education,Produce,Other,Other,15.93828579,73539.27206
2019,Foodservice,K-12 Education,Produce,Spoiled,Spoiled,647.1854859,2986114.702
2019,Foodservice,K-12 Education,Produce,Trimmings & Byproducts,Trimmings & Byproducts,9096.766814,41972494.31
2019,Foodservice,K-12 Education,Ready-to-drink Beverages,Date Label Concerns,Date Label Concerns,1969.980805,9089494.083
2019,Foodservice,K-12 Education,Ready-to-drink Beverages,Mistakes & Malfunctions,Cooking Issues,114.0950857,526434.8788
2019,Foodservice,K-12 Education,Ready-to-drink Beverages,Mistakes & Malfunctions,Equipment Issues,436.105956,2012193.468
2019,Foodservice,K-12 Education,Ready-to-drink Beverages,Mistakes & Malfunctions,Handling Errors,282.4214992,1303093.177
2019,Foodservice,K-12 Education,Ready-to-drink Beverages,Other,Other,48.11772048,222015.227
2019,Foodservice,K-12 Education,Ready-to-drink Beverages,Spoiled,Spoiled,221.7090391,1022965.805
2019,Foodservice,K-12 Education,Ready-to-drink Beverages,Trimmings & Byproducts,Trimmings & Byproducts,4086.674901,18855923.49
2019,Foodservice,Limited Service Restaurants,Breads & Bakery,Date Label Concerns,Date Label Concerns,16689.85553,62357515.03
2019,Foodservice,Limited Service Restaurants,Breads & Bakery,Mistakes & Malfunctions,Cooking Issues,690.9155583,2581435.007
2019,Foodservice,Limited Service Restaurants,Breads & Bakery,Mistakes & Malfunctions,Equipment Issues,11.8421654,44245.3205
2019,Foodservice,Limited Service Restaurants,Breads & Bakery,Mistakes & Malfunctions,Handling Errors,2718.074571,10155413.01
2019,Foodservice,Limited Service Restaurants,Breads & Bakery,Other,Other,6204.936287,23183208.94
2019,Foodservice,Limited Service Restaurants,Breads & Bakery,Spoiled,Spoiled,15930.53588,59520505.08
2019,Foodservice,Limited Service Restaurants,Breads & Bakery,Trimmings & Byproducts,Trimmings & Byproducts,1188.772657,4441554.855
2019,Foodservice,Limited Service Restaurants,Dairy & Eggs,Date Label Concerns,Date Label Concerns,66068.71173,214070450.1
2019,Foodservice,Limited Service Restaurants,Dairy & Eggs,Mistakes & Malfunctions,Cooking Issues,3652.303674,11833896.42
2019,Foodservice,Limited Service Restaurants,Dairy & Eggs,Mistakes & Malfunctions,Equipment Issues,1270.999264,4118188.13
2019,Foodservice,Limited Service Restaurants,Dairy & Eggs,Mistakes & Malfunctions,Handling Errors,6295.680301,20398749.73
2019,Foodservice,Limited Service Restaurants,Dairy & Eggs,Other,Other,953.7470792,3090253.482
2019,Foodservice,Limited Service Restaurants,Dairy & Eggs,Spoiled,Spoiled,33424.46617,108299228.6
2019,Foodservice,Limited Service Restaurants,Dairy & Eggs,Trimmings & Byproducts,Trimmings & Byproducts,3098.464521,10039391.98
2019,Foodservice,Limited Service Restaurants,Dry Goods,Date Label Concerns,Date Label Concerns,48490.28962,177303350.7
2019,Foodservice,Limited Service Restaurants,Dry Goods,Mistakes & Malfunctions,Cooking Issues,16633.34323,60819341.59
2019,Foodservice,Limited Service Restaurants,Dry Goods,Mistakes & Malfunctions,Equipment Issues,430.419237,1573815.573
2019,Foodservice,Limited Service Restaurants,Dry Goods,Mistakes & Malfunctions,Handling Errors,2644.047275,9667882.89
2019,Foodservice,Limited Service Restaurants,Dry Goods,Other,Other,350.5619778,1281819.799
2019,Foodservice,Limited Service Restaurants,Dry Goods,Spoiled,Spoiled,12785.55218,46750004.18
2019,Foodservice,Limited Service Restaurants,Dry Goods,Trimmings & Byproducts,Trimmings & Byproducts,2489.129255,9101429.599
2019,Foodservice,Limited Service Restaurants,Fresh Meat & Seafood,Date Label Concerns,Date Label Concerns,35115.55284,139139405
2019,Foodservice,Limited Service Restaurants,Fresh Meat & Seafood,Mistakes & Malfunctions,Cooking Issues,3089.659564,12242250.47
2019,Foodservice,Limited Service Restaurants,Fresh Meat & Seafood,Mistakes & Malfunctions,Equipment Issues,415.4553413,1646171.121
2019,Foodservice,Limited Service Restaurants,Fresh Meat & Seafood,Mistakes & Malfunctions,Handling Errors,4988.390668,19765649.49
2019,Foodservice,Limited Service Restaurants,Fresh Meat & Seafood,Other,Other,938.0885115,3717016.157
2019,Foodservice,Limited Service Restaurants,Fresh Meat & Seafood,Spoiled,Spoiled,11260.09294,44616202.91
2019,Foodservice,Limited Service Restaurants,Fresh Meat & Seafood,Trimmings & Byproducts,Trimmings & Byproducts,5392.093092,21365251.68
2019,Foodservice,Limited Service Restaurants,Frozen,Date Label Concerns,Date Label Concerns,1201.098179,4247068.323
2019,Foodservice,Limited Service Restaurants,Frozen,Mistakes & Malfunctions,Handling Errors,859.1324901,3037881.873
2019,Foodservice,Limited Service Restaurants,Frozen,Other,Other,102.0008833,360673.8633
2019,Foodservice,Limited Service Restaurants,Frozen,Spoiled,Spoiled,1402.297497,4958506.627
2019,Foodservice,Limited Service Restaurants,Frozen,Trimmings & Byproducts,Trimmings & Byproducts,302.5459532,1069798.753
2019,Foodservice,Limited Service Restaurants,Prepared Foods,Excess,Catering Overproduction,701354.5282,8319465826
2019,Foodservice,Limited Service Restaurants,Prepared Foods,Excess,Overproduction,546011.6441,6453273266
2019,Foodservice,Limited Service Restaurants,Prepared Foods,Excess,Plate Waste,847942.8945,10124477548
2019,Foodservice,Limited Service Restaurants,Produce,Date Label Concerns,Date Label Concerns,11083.744,43505195.59
2019,Foodservice,Limited Service Restaurants,Produce,Mistakes & Malfunctions,Cooking Issues,1075.764266,4222520.369
2019,Foodservice,Limited Service Restaurants,Produce,Mistakes & Malfunctions,Equipment Issues,21.86674964,85829.95236
2019,Foodservice,Limited Service Restaurants,Produce,Mistakes & Malfunctions,Handling Errors,889.376913,3490924.776
2019,Foodservice,Limited Service Restaurants,Produce,Other,Other,531.679285,2086913.166
2019,Foodservice,Limited Service Restaurants,Produce,Spoiled,Spoiled,5897.687698,23149222.57
2019,Foodservice,Limited Service Restaurants,Produce,Trimmings & Byproducts,Trimmings & Byproducts,24859.96057,97578710.45
2019,Foodservice,Limited Service Restaurants,Ready-to-drink Beverages,Date Label Concerns,Date Label Concerns,21551.12228,69769391.68
2019,Foodservice,Limited Service Restaurants,Ready-to-drink Beverages,Mistakes & Malfunctions,Handling Errors,3033.901998,9821924.541
2019,Foodservice,Limited Service Restaurants,Ready-to-drink Beverages,Other,Other,15303.71387,49544093.02
2019,Foodservice,Limited Service Restaurants,Ready-to-drink Beverages,Spoiled,Spoiled,32008.23269,103623138.3
2019,Foodservice,Limited Service Restaurants,Ready-to-drink Beverages,Trimmings & Byproducts,Trimmings & Byproducts,279.3988661,904523.146
2019,Foodservice,Lodging,Breads & Bakery,Date Label Concerns,Date Label Concerns,1601.104495,7387498.293
2019,Foodservice,Lodging,Breads & Bakery,Mistakes & Malfunctions,Cooking Issues,66.28146087,305822.7496
2019,Foodservice,Lodging,Breads & Bakery,Mistakes & Malfunctions,Equipment Issues,1.13605203,5241.745593
2019,Foodservice,Lodging,Breads & Bakery,Mistakes & Malfunctions,Handling Errors,260.7524916,1203112.347
2019,Foodservice,Lodging,Breads & Bakery,Other,Other,595.256883,2746516.059
2019,Foodservice,Lodging,Breads & Bakery,Spoiled,Spoiled,1528.260839,7051397.565
2019,Foodservice,Lodging,Breads & Bakery,Trimmings & Byproducts,Trimmings & Byproducts,114.042284,526191.252
2019,Foodservice,Lodging,Dairy & Eggs,Date Label Concerns,Date Label Concerns,3584.09558,16537021.83
2019,Foodservice,Lodging,Dairy & Eggs,Mistakes & Malfunctions,Cooking Issues,198.1301756,914172.8966
2019,Foodservice,Lodging,Dairy & Eggs,Mistakes & Malfunctions,Equipment Issues,68.94917011,318131.5636
2019,Foodservice,Lodging,Dairy & Eggs,Mistakes & Malfunctions,Handling Errors,341.5280751,1575810.998
2019,Foodservice,Lodging,Dairy & Eggs,Other,Other,51.73887308,238723.23
2019,Foodservice,Lodging,Dairy & Eggs,Spoiled,Spoiled,1813.210494,8366155.66
2019,Foodservice,Lodging,Dairy & Eggs,Trimmings & Byproducts,Trimmings & Byproducts,168.0855083,775546.7615
2019,Foodservice,Lodging,Dry Goods,Date Label Concerns,Date Label Concerns,7919.679011,36541409.61
2019,Foodservice,Lodging,Dry Goods,Mistakes & Malfunctions,Cooking Issues,2716.641626,12534588.12
2019,Foodservice,Lodging,Dry Goods,Mistakes & Malfunctions,Equipment Issues,70.29824371,324356.191
2019,Foodservice,Lodging,Dry Goods,Mistakes & Malfunctions,Handling Errors,431.8391553,1992506.443
2019,Foodservice,Lodging,Dry Goods,Other,Other,57.2555528,264177.1976
2019,Foodservice,Lodging,Dry Goods,Spoiled,Spoiled,2088.200958,9634962.029
2019,Foodservice,Lodging,Dry Goods,Trimmings & Byproducts,Trimmings & Byproducts,406.5371617,1875763.011
2019,Foodservice,Lodging,Fresh Meat & Seafood,Date Label Concerns,Date Label Concerns,6108.710691,28185599.35
2019,Foodservice,Lodging,Fresh Meat & Seafood,Mistakes & Malfunctions,Cooking Issues,537.47798,2479924.123
2019,Foodservice,Lodging,Fresh Meat & Seafood,Mistakes & Malfunctions,Equipment Issues,72.27271906,333466.423
2019,Foodservice,Lodging,Fresh Meat & Seafood,Mistakes & Malfunctions,Handling Errors,867.781736,4003946.097
2019,Foodservice,Lodging,Fresh Meat & Seafood,Other,Other,163.1901211,752959.4381
2019,Foodservice,Lodging,Fresh Meat & Seafood,Spoiled,Spoiled,1958.808691,9037945.936
2019,Foodservice,Lodging,Fresh Meat & Seafood,Trimmings & Byproducts,Trimmings & Byproducts,938.0099145,4327979.007
2019,Foodservice,Lodging,Frozen,Date Label Concerns,Date Label Concerns,195.3759531,901464.9103
2019,Foodservice,Lodging,Frozen,Mistakes & Malfunctions,Handling Errors,139.7502986,644808.0656
2019,Foodservice,Lodging,Frozen,Other,Other,16.59191575,76555.12157
2019,Foodservice,Lodging,Frozen,Spoiled,Spoiled,228.1039259,1052471.821
2019,Foodservice,Lodging,Frozen,Trimmings & Byproducts,Trimmings & Byproducts,49.21346565,227070.9967
2019,Foodservice,Lodging,Prepared Foods,Excess,Overproduction,64024.16002,980827858.4
2019,Foodservice,Lodging,Prepared Foods,Excess,Plate Waste,1012977.243,15518458956
2019,Foodservice,Lodging,Produce,Date Label Concerns,Date Label Concerns,2163.223598,9981116.591
2019,Foodservice,Lodging,Produce,Mistakes & Malfunctions,Cooking Issues,209.9578127,968745.63
2019,Foodservice,Lodging,Produce,Mistakes & Malfunctions,Equipment Issues,4.267751837,19691.41271
2019,Foodservice,Lodging,Produce,Mistakes & Malfunctions,Handling Errors,173.5804368,800900.3689
2019,Foodservice,Lodging,Produce,Other,Other,103.7682913,478787.0354
2019,Foodservice,Lodging,Produce,Spoiled,Spoiled,1151.056646,5310976.915
2019,Foodservice,Lodging,Produce,Trimmings & Byproducts,Trimmings & Byproducts,4851.93932,22386854.55
2019,Foodservice,Lodging,Ready-to-drink Beverages,Date Label Concerns,Date Label Concerns,1689.21679,7794048.541
2019,Foodservice,Lodging,Ready-to-drink Beverages,Mistakes & Malfunctions,Handling Errors,237.8028451,1097222.647
2019,Foodservice,Lodging,Ready-to-drink Beverages,Other,Other,1199.533374,5534648.599
2019,Foodservice,Lodging,Ready-to-drink Beverages,Spoiled,Spoiled,2508.864429,11575903.85
2019,Foodservice,Lodging,Ready-to-drink Beverages,Trimmings & Byproducts,Trimmings & Byproducts,21.89979944,101045.7041
2019,Foodservice,Military,Breads & Bakery,Date Label Concerns,Date Label Concerns,395.7053568,1825785.048
2019,Foodservice,Military,Breads & Bakery,Mistakes & Malfunctions,Cooking Issues,68.28998715,315090.0926
2019,Foodservice,Military,Breads & Bakery,Mistakes & Malfunctions,Equipment Issues,11.01252182,50811.79048
2019,Foodservice,Military,Breads & Bakery,Mistakes & Malfunctions,Handling Errors,23.81562016,109885.3034
2019,Foodservice,Military,Breads & Bakery,Other,Other,32.59096305,150374.7473
2019,Foodservice,Military,Breads & Bakery,Spoiled,Spoiled,91.22177803,420897.4065
2019,Foodservice,Military,Breads & Bakery,Trimmings & Byproducts,Trimmings & Byproducts,378.0731188,1744429.879
2019,Foodservice,Military,Dairy & Eggs,Date Label Concerns,Date Label Concerns,665.273333,3069572.053
2019,Foodservice,Military,Dairy & Eggs,Mistakes & Malfunctions,Cooking Issues,57.56532893,265606.5051
2019,Foodservice,Military,Dairy & Eggs,Mistakes & Malfunctions,Equipment Issues,151.7534428,700190.5892
2019,Foodservice,Military,Dairy & Eggs,Mistakes & Malfunctions,Handling Errors,41.68544049,192336.6785
2019,Foodservice,Military,Dairy & Eggs,Other,Other,2.463148957,11364.9726
2019,Foodservice,Military,Dairy & Eggs,Spoiled,Spoiled,167.3410601,772111.8763
2019,Foodservice,Military,Dairy & Eggs,Trimmings & Byproducts,Trimmings & Byproducts,409.0949968,1887564.866
2019,Foodservice,Military,Dry Goods,Date Label Concerns,Date Label Concerns,1690.687331,7800833.621
2019,Foodservice,Military,Dry Goods,Mistakes & Malfunctions,Cooking Issues,345.5121657,1594193.597
2019,Foodservice,Military,Dry Goods,Mistakes & Malfunctions,Equipment Issues,103.8769054,479288.1812
2019,Foodservice,Military,Dry Goods,Mistakes & Malfunctions,Handling Errors,189.4449715,874099.3533
2019,Foodservice,Military,Dry Goods,Other,Other,29.98747706,138362.2595
2019,Foodservice,Military,Dry Goods,Spoiled,Spoiled,188.1799341,868262.4691
2019,Foodservice,Military,Dry Goods,Trimmings & Byproducts,Trimmings & Byproducts,740.2178873,3415366.328
2019,Foodservice,Military,Fresh Meat & Seafood,Date Label Concerns,Date Label Concerns,535.4069457,2470368.368
2019,Foodservice,Military,Fresh Meat & Seafood,Mistakes & Malfunctions,Cooking Issues,62.74398703,289500.8405
2019,Foodservice,Military,Fresh Meat & Seafood,Mistakes & Malfunctions,Equipment Issues,67.23094467,310203.6691
2019,Foodservice,Military,Fresh Meat & Seafood,Mistakes & Malfunctions,Handling Errors,43.21438873,199391.2477
2019,Foodservice,Military,Fresh Meat & Seafood,Other,Other,4.632199374,21372.97414
2019,Foodservice,Military,Fresh Meat & Seafood,Spoiled,Spoiled,167.0202752,770631.7746
2019,Foodservice,Military,Fresh Meat & Seafood,Trimmings & Byproducts,Trimmings & Byproducts,1676.561162,7735655.458
2019,Foodservice,Military,Frozen,Date Label Concerns,Date Label Concerns,10.5589613,48719.06163
2019,Foodservice,Military,Frozen,Mistakes & Malfunctions,Cooking Issues,17.8076373,82164.46247
2019,Foodservice,Military,Frozen,Mistakes & Malfunctions,Equipment Issues,95.23436155,439411.4723
2019,Foodservice,Military,Frozen,Mistakes & Malfunctions,Handling Errors,24.78470015,114356.6398
2019,Foodservice,Military,Frozen,Other,Other,1.969195355,9085.870015
2019,Foodservice,Military,Frozen,Trimmings & Byproducts,Trimmings & Byproducts,0.714682107,3297.544204
2019,Foodservice,Military,Prepared Foods,Excess,Overproduction,7604.312136,65469453.13
2019,Foodservice,Military,Prepared Foods,Excess,Plate Waste,59704.92951,514030594.1
2019,Foodservice,Military,Produce,Date Label Concerns,Date Label Concerns,100.9507366,465786.8345
2019,Foodservice,Military,Produce,Mistakes & Malfunctions,Cooking Issues,17.06053205,78717.31783
2019,Foodservice,Military,Produce,Mistakes & Malfunctions,Equipment Issues,6.899585473,31834.69665
2019,Foodservice,Military,Produce,Mistakes & Malfunctions,Handling Errors,9.560715246,44113.15301
2019,Foodservice,Military,Produce,Other,Other,1.515319864,6991.687891
2019,Foodservice,Military,Produce,Spoiled,Spoiled,39.65185364,182953.706
2019,Foodservice,Military,Produce,Trimmings & Byproducts,Trimmings & Byproducts,1903.621956,8783314.267
2019,Foodservice,Military,Ready-to-drink Beverages,Date Label Concerns,Date Label Concerns,586.4325659,2705800.648
2019,Foodservice,Military,Ready-to-drink Beverages,Mistakes & Malfunctions,Cooking Issues,160.7405085,741656.9223
2019,Foodservice,Military,Ready-to-drink Beverages,Mistakes & Malfunctions,Equipment Issues,2.77598635,12808.40475
2019,Foodservice,Military,Ready-to-drink Beverages,Mistakes & Malfunctions,Handling Errors,0.213488096,985.034361
2019,Foodservice,Military,Ready-to-drink Beverages,Other,Other,3.340159096,15411.49856
2019,Foodservice,Military,Ready-to-drink Beverages,Spoiled,Spoiled,21.34880958,98503.4361
2019,Foodservice,Military,Ready-to-drink Beverages,Trimmings & Byproducts,Trimmings & Byproducts,583.8130093,2693714.01
2019,Foodservice,Other,Breads & Bakery,Date Label Concerns,Date Label Concerns,410.7625086,1895258.767
2019,Foodservice,Other,Breads & Bakery,Mistakes & Malfunctions,Cooking Issues,95.9373538,442655.0795
2019,Foodservice,Other,Breads & Bakery,Mistakes & Malfunctions,Equipment Issues,5.74183059,26492.81407
2019,Foodservice,Other,Breads & Bakery,Mistakes & Malfunctions,Handling Errors,43.11362703,198926.3331
2019,Foodservice,Other,Breads & Bakery,Other,Other,3.307797986,15262.18436
2019,Foodservice,Other,Breads & Bakery,Spoiled,Spoiled,199.2484062,919332.4141
2019,Foodservice,Other,Breads & Bakery,Trimmings & Byproducts,Trimmings & Byproducts,252.2607734,1163931.548
2019,Foodservice,Other,Dairy & Eggs,Date Label Concerns,Date Label Concerns,695.3205183,3208209.806
2019,Foodservice,Other,Dairy & Eggs,Mistakes & Malfunctions,Cooking Issues,79.09427914,364941.1103
2019,Foodservice,Other,Dairy & Eggs,Mistakes & Malfunctions,Equipment Issues,82.05847714,378617.9239
2019,Foodservice,Other,Dairy & Eggs,Mistakes & Malfunctions,Handling Errors,47.24002753,217965.5506
2019,Foodservice,Other,Dairy & Eggs,Other,Other,2.832167105,13067.62283
2019,Foodservice,Other,Dairy & Eggs,Spoiled,Spoiled,363.4414896,1676919.522
2019,Foodservice,Other,Dairy & Eggs,Trimmings & Byproducts,Trimmings & Byproducts,239.627372,1105641.017
2019,Foodservice,Other,Dry Goods,Date Label Concerns,Date Label Concerns,1745.038161,8051608.423
2019,Foodservice,Other,Dry Goods,Mistakes & Malfunctions,Cooking Issues,500.6105124,2309817.578
2019,Foodservice,Other,Dry Goods,Mistakes & Malfunctions,Equipment Issues,46.56244218,214839.1708
2019,Foodservice,Other,Dry Goods,Mistakes & Malfunctions,Handling Errors,167.5993493,773303.6232
2019,Foodservice,Other,Dry Goods,Other,Other,16.12444127,74398.1937
2019,Foodservice,Other,Dry Goods,Spoiled,Spoiled,377.2885243,1740809.758
2019,Foodservice,Other,Dry Goods,Trimmings & Byproducts,Trimmings & Byproducts,466.4316051,2152116.053
2019,Foodservice,Other,Fresh Meat & Seafood,Date Label Concerns,Date Label Concerns,696.4744136,3213533.881
2019,Foodservice,Other,Fresh Meat & Seafood,Mistakes & Malfunctions,Cooking Issues,130.7998312,603510.5972
2019,Foodservice,Other,Fresh Meat & Seafood,Mistakes & Malfunctions,Equipment Issues,35.2795169,162779.7384
2019,Foodservice,Other,Fresh Meat & Seafood,Mistakes & Malfunctions,Handling Errors,81.57179886,376372.3897
2019,Foodservice,Other,Fresh Meat & Seafood,Other,Other,7.030264704,32437.6508
2019,Foodservice,Other,Fresh Meat & Seafood,Spoiled,Spoiled,350.2235388,1615931.879
2019,Foodservice,Other,Fresh Meat & Seafood,Trimmings & Byproducts,Trimmings & Byproducts,1280.119357,5906472.435
2019,Foodservice,Other,Frozen,Date Label Concerns,Date Label Concerns,10.65936781,49182.33743
2019,Foodservice,Other,Frozen,Mistakes & Malfunctions,Cooking Issues,17.97638843,82943.08039
2019,Foodservice,Other,Frozen,Mistakes & Malfunctions,Equipment Issues,96.20520437,443890.9423
2019,Foodservice,Other,Frozen,Mistakes & Malfunctions,Handling Errors,24.97730596,115245.3233
2019,Foodservice,Other,Frozen,Other,Other,1.987345285,9169.613817
2019,Foodservice,Other,Frozen,Trimmings & Byproducts,Trimmings & Byproducts,0.72266883,3334.394953
2019,Foodservice,Other,Prepared Foods,Excess,Catering Overproduction,9210.538095,85899900.38
2019,Foodservice,Other,Prepared Foods,Excess,Overproduction,7670.599301,71538026.23
2019,Foodservice,Other,Prepared Foods,Excess,Plate Waste,30927.22342,288435418.6
2019,Foodservice,Other,Produce,Date Label Concerns,Date Label Concerns,162.1666517,748237.1491
2019,Foodservice,Other,Produce,Mistakes & Malfunctions,Cooking Issues,43.71926879,201720.765
2019,Foodservice,Other,Produce,Mistakes & Malfunctions,Equipment Issues,3.48248454,16068.18835
2019,Foodservice,Other,Produce,Mistakes & Malfunctions,Handling Errors,19.83928634,91538.49385
2019,Foodservice,Other,Produce,Other,Other,3.053996876,14091.14569
2019,Foodservice,Other,Produce,Spoiled,Spoiled,124.0097259,572181.0422
2019,Foodservice,Other,Produce,Trimmings & Byproducts,Trimmings & Byproducts,1743.066839,8042512.741
2019,Foodservice,Other,Ready-to-drink Beverages,Date Label Concerns,Date Label Concerns,377.4756773,1741673.283
2019,Foodservice,Other,Ready-to-drink Beverages,Mistakes & Malfunctions,Cooking Issues,21.86220274,100872.2329
2019,Foodservice,Other,Ready-to-drink Beverages,Mistakes & Malfunctions,Equipment Issues,83.56395693,385564.2097
2019,Foodservice,Other,Ready-to-drink Beverages,Mistakes & Malfunctions,Handling Errors,54.11588094,249690.7475
2019,Foodservice,Other,Ready-to-drink Beverages,Other,Other,9.220023407,42541.2004
2019,Foodservice,Other,Ready-to-drink Beverages,Spoiled,Spoiled,42.48253055,196014.4531
2019,Foodservice,Other,Ready-to-drink Beverages,Trimmings & Byproducts,Trimmings & Byproducts,783.0636585,3613056.774
2019,Foodservice,Recreation,Breads & Bakery,Date Label Concerns,Date Label Concerns,846.8440664,3907339.661
2019,Foodservice,Recreation,Breads & Bakery,Mistakes & Malfunctions,Cooking Issues,35.05708842,161753.4531
2019,Foodservice,Recreation,Breads & Bakery,Mistakes & Malfunctions,Equipment Issues,0.600872038,2772.42439
2019,Foodservice,Recreation,Breads & Bakery,Mistakes & Malfunctions,Handling Errors,137.9152335,636341.073
2019,Foodservice,Recreation,Breads & Bakery,Other,Other,314.8387635,1452666.478
2019,Foodservice,Recreation,Breads & Bakery,Spoiled,Spoiled,808.3161513,3729571.81
2019,Foodservice,Recreation,Breads & Bakery,Trimmings & Byproducts,Trimmings & Byproducts,60.31838139,278309.0929
2019,Foodservice,Recreation,Dairy & Eggs,Date Label Concerns,Date Label Concerns,1895.672697,8746636.373
2019,Foodservice,Recreation,Dairy & Eggs,Mistakes & Malfunctions,Cooking Issues,104.7935123,483517.4067
2019,Foodservice,Recreation,Dairy & Eggs,Mistakes & Malfunctions,Equipment Issues,36.46807299,168263.7378
2019,Foodservice,Recreation,Dairy & Eggs,Mistakes & Malfunctions,Handling Errors,180.6384435,833466.0215
2019,Foodservice,Recreation,Dairy & Eggs,Other,Other,27.365333,126263.6833
2019,Foodservice,Recreation,Dairy & Eggs,Spoiled,Spoiled,959.0295657,4424963.706
2019,Foodservice,Recreation,Dairy & Eggs,Trimmings & Byproducts,Trimmings & Byproducts,88.90251438,410196.3209
2019,Foodservice,Recreation,Dry Goods,Date Label Concerns,Date Label Concerns,4188.816657,19327205.69
2019,Foodservice,Recreation,Dry Goods,Mistakes & Malfunctions,Cooking Issues,1436.865519,6629699.44
2019,Foodservice,Recreation,Dry Goods,Mistakes & Malfunctions,Equipment Issues,37.18161479,171556.0206
2019,Foodservice,Recreation,Dry Goods,Mistakes & Malfunctions,Handling Errors,228.4050963,1053861.422
2019,Foodservice,Recreation,Dry Goods,Other,Other,30.28317347,139726.6031
2019,Foodservice,Recreation,Dry Goods,Spoiled,Spoiled,1104.47544,5096051.164
2019,Foodservice,Recreation,Dry Goods,Trimmings & Byproducts,Trimmings & Byproducts,215.0225574,992114.3692
2019,Foodservice,Recreation,Fresh Meat & Seafood,Date Label Concerns,Date Label Concerns,3230.973006,14907713.79
2019,Foodservice,Recreation,Fresh Meat & Seafood,Mistakes & Malfunctions,Cooking Issues,284.2787836,1311662.69
2019,Foodservice,Recreation,Fresh Meat & Seafood,Mistakes & Malfunctions,Equipment Issues,38.22593934,176374.5355
2019,Foodservice,Recreation,Fresh Meat & Seafood,Mistakes & Malfunctions,Handling Errors,458.9805453,2117736.853
2019,Foodservice,Recreation,Fresh Meat & Seafood,Other,Other,86.31328321,398249.6048
2019,Foodservice,Recreation,Fresh Meat & Seafood,Spoiled,Spoiled,1036.038262,4780281.933
2019,Foodservice,Recreation,Fresh Meat & Seafood,Trimmings & Byproducts,Trimmings & Byproducts,496.1251017,2289121.887
2019,Foodservice,Recreation,Frozen,Date Label Concerns,Date Label Concerns,103.3367698,476795.9948
2019,Foodservice,Recreation,Frozen,Mistakes & Malfunctions,Handling Errors,73.91566978,341046.9998
2019,Foodservice,Recreation,Frozen,Other,Other,8.775670449,40490.95526
2019,Foodservice,Recreation,Frozen,Spoiled,Spoiled,120.6470014,556665.4265
2019,Foodservice,Recreation,Frozen,Trimmings & Byproducts,Trimmings & Byproducts,26.02961363,120100.6723
2019,Foodservice,Recreation,Prepared Foods,Excess,Overproduction,33863.17395,442302109
2019,Foodservice,Recreation,Prepared Foods,Excess,Plate Waste,535776.2532,6998014041
2019,Foodservice,Recreation,Produce,Date Label Concerns,Date Label Concerns,1144.155846,5279136.614
2019,Foodservice,Recreation,Produce,Mistakes & Malfunctions,Cooking Issues,111.0492965,512381.6036
2019,Foodservice,Recreation,Produce,Mistakes & Malfunctions,Equipment Issues,2.257266988,10415.03292
2019,Foodservice,Recreation,Produce,Mistakes & Malfunctions,Handling Errors,91.80885035,423606.159
2019,Foodservice,Recreation,Produce,Other,Other,54.88433891,253236.4136
2019,Foodservice,Recreation,Produce,Spoiled,Spoiled,608.808166,2809041.697
2019,Foodservice,Recreation,Produce,Trimmings & Byproducts,Trimmings & Byproducts,2566.251008,11840685.6
2019,Foodservice,Recreation,Ready-to-drink Beverages,Date Label Concerns,Date Label Concerns,893.4477544,4122369.14
2019,Foodservice,Recreation,Ready-to-drink Beverages,Mistakes & Malfunctions,Handling Errors,125.7768803,580334.6948
2019,Foodservice,Recreation,Ready-to-drink Beverages,Other,Other,634.4481095,2927344.431
2019,Foodservice,Recreation,Ready-to-drink Beverages,Spoiled,Spoiled,1326.969577,6122639.415
2019,Foodservice,Recreation,Ready-to-drink Beverages,Trimmings & Byproducts,Trimmings & Byproducts,11.5830761,53444.32873
2019,Foodservice,Refreshment Services,Breads & Bakery,Date Label Concerns,Date Label Concerns,3496.815314,9042570.544
2019,Foodservice,Refreshment Services,Breads & Bakery,Mistakes & Malfunctions,Cooking Issues,603.4729345,1560547.553
2019,Foodservice,Refreshment Services,Breads & Bakery,Mistakes & Malfunctions,Equipment Issues,97.31673902,251655.692
2019,Foodservice,Refreshment Services,Breads & Bakery,Mistakes & Malfunctions,Handling Errors,210.4566538,544229.2393
2019,Foodservice,Refreshment Services,Breads & Bakery,Other,Other,288.0036288,744761.4176
2019,Foodservice,Refreshment Services,Breads & Bakery,Spoiled,Spoiled,806.1192624,2084579.723
2019,Foodservice,Refreshment Services,Breads & Bakery,Trimmings & Byproducts,Trimmings & Byproducts,3341.000694,8639642.575
2019,Foodservice,Refreshment Services,Dairy & Eggs,Date Label Concerns,Date Label Concerns,5878.96509,15202677.8
2019,Foodservice,Refreshment Services,Dairy & Eggs,Mistakes & Malfunctions,Cooking Issues,508.7000221,1315470.056
2019,Foodservice,Refreshment Services,Dairy & Eggs,Mistakes & Malfunctions,Equipment Issues,1341.032547,3467835.823
2019,Foodservice,Refreshment Services,Dairy & Eggs,Mistakes & Malfunctions,Handling Errors,368.3707692,952586.3875
2019,Foodservice,Refreshment Services,Dairy & Eggs,Other,Other,21.76664239,56287.33052
2019,Foodservice,Refreshment Services,Dairy & Eggs,Spoiled,Spoiled,1478.779024,3824040.576
2019,Foodservice,Refreshment Services,Dairy & Eggs,Trimmings & Byproducts,Trimmings & Byproducts,3615.138449,9348547.611
2019,Foodservice,Refreshment Services,Dry Goods,Date Label Concerns,Date Label Concerns,14940.46328,38635209.76
2019,Foodservice,Refreshment Services,Dry Goods,Mistakes & Malfunctions,Cooking Issues,3053.262261,7895566.939
2019,Foodservice,Refreshment Services,Dry Goods,Mistakes & Malfunctions,Equipment Issues,917.95157,2373771.87
2019,Foodservice,Refreshment Services,Dry Goods,Mistakes & Malfunctions,Handling Errors,1674.109451,4329154.23
2019,Foodservice,Refreshment Services,Dry Goods,Other,Other,264.9968397,685267.1365
2019,Foodservice,Refreshment Services,Dry Goods,Spoiled,Spoiled,1662.93042,4300245.877
2019,Foodservice,Refreshment Services,Dry Goods,Trimmings & Byproducts,Trimmings & Byproducts,6541.243881,16915294.04
2019,Foodservice,Refreshment Services,Fresh Meat & Seafood,Date Label Concerns,Date Label Concerns,4731.346631,12235000.09
2019,Foodservice,Refreshment Services,Fresh Meat & Seafood,Mistakes & Malfunctions,Cooking Issues,554.4633928,1433811.595
2019,Foodservice,Refreshment Services,Fresh Meat & Seafood,Mistakes & Malfunctions,Equipment Issues,594.1142641,1536346.55
2019,Foodservice,Refreshment Services,Fresh Meat & Seafood,Mistakes & Malfunctions,Handling Errors,381.8819576,987525.5715
2019,Foodservice,Refreshment Services,Fresh Meat & Seafood,Other,Other,40.93436045,105853.9868
2019,Foodservice,Refreshment Services,Fresh Meat & Seafood,Spoiled,Spoiled,1475.944276,3816710.073
2019,Foodservice,Refreshment Services,Fresh Meat & Seafood,Trimmings & Byproducts,Trimmings & Byproducts,14815.63149,38312401.69
2019,Foodservice,Refreshment Services,Frozen,Date Label Concerns,Date Label Concerns,93.30866245,241291.0282
2019,Foodservice,Refreshment Services,Frozen,Mistakes & Malfunctions,Cooking Issues,157.3646092,406936.1553
2019,Foodservice,Refreshment Services,Frozen,Mistakes & Malfunctions,Equipment Issues,841.5781291,2176274.386
2019,Foodservice,Refreshment Services,Frozen,Mistakes & Malfunctions,Handling Errors,219.0203331,566374.4393
2019,Foodservice,Refreshment Services,Frozen,Other,Other,17.4016155,44999.61298
2019,Foodservice,Refreshment Services,Frozen,Trimmings & Byproducts,Trimmings & Byproducts,6.315586317,16331.75609
2019,Foodservice,Refreshment Services,Prepared Foods,Excess,Catering Overproduction,116882.8802,689249920.8
2019,Foodservice,Refreshment Services,Prepared Foods,Excess,Overproduction,67198.67363,396265735.6
2019,Foodservice,Refreshment Services,Prepared Foods,Excess,Plate Waste,146851.7491,865974181.5
2019,Foodservice,Refreshment Services,Produce,Date Label Concerns,Date Label Concerns,892.0932599,2306903.714
2019,Foodservice,Refreshment Services,Produce,Mistakes & Malfunctions,Cooking Issues,150.7625022,389863.4728
2019,Foodservice,Refreshment Services,Produce,Mistakes & Malfunctions,Equipment Issues,60.97106275,157667.7881
2019,Foodservice,Refreshment Services,Produce,Mistakes & Malfunctions,Handling Errors,84.48724514,218479.3321
2019,Foodservice,Refreshment Services,Produce,Other,Other,13.39075556,34627.75151
2019,Foodservice,Refreshment Services,Produce,Spoiled,Spoiled,350.4001314,906115.3143
2019,Foodservice,Refreshment Services,Produce,Trimmings & Byproducts,Trimmings & Byproducts,16822.14884,43501144.31
2019,Foodservice,Refreshment Services,Ready-to-drink Beverages,Date Label Concerns,Date Label Concerns,5182.255791,13401026.18
2019,Foodservice,Refreshment Services,Ready-to-drink Beverages,Mistakes & Malfunctions,Cooking Issues,1420.450499,3673206.244
2019,Foodservice,Refreshment Services,Ready-to-drink Beverages,Mistakes & Malfunctions,Equipment Issues,24.5311604,63436.22084
2019,Foodservice,Refreshment Services,Ready-to-drink Beverages,Mistakes & Malfunctions,Handling Errors,1.886576539,4878.582342
2019,Foodservice,Refreshment Services,Ready-to-drink Beverages,Other,Other,29.51670802,76328.57058
2019,Foodservice,Refreshment Services,Ready-to-drink Beverages,Spoiled,Spoiled,188.6576539,487858.2342
2019,Foodservice,Refreshment Services,Ready-to-drink Beverages,Trimmings & Byproducts,Trimmings & Byproducts,5159.106987,13341164.66
2019,Foodservice,Transportation,Breads & Bakery,Date Label Concerns,Date Label Concerns,539.5872001,2489656.067
2019,Foodservice,Transportation,Breads & Bakery,Mistakes & Malfunctions,Cooking Issues,22.33747266,103065.1289
2019,Foodservice,Transportation,Breads & Bakery,Mistakes & Malfunctions,Equipment Issues,0.382860167,1766.517324
2019,Foodservice,Transportation,Breads & Bakery,Mistakes & Malfunctions,Handling Errors,87.87603014,405460.1213
2019,Foodservice,Transportation,Breads & Bakery,Other,Other,200.6071408,925601.6175
2019,Foodservice,Transportation,Breads & Bakery,Spoiled,Spoiled,515.0382062,2376386.976
2019,Foodservice,Transportation,Breads & Bakery,Trimmings & Byproducts,Trimmings & Byproducts,38.43331708,177331.3767
2019,Foodservice,Transportation,Dairy & Eggs,Date Label Concerns,Date Label Concerns,1207.873755,5573131.132
2019,Foodservice,Transportation,Dairy & Eggs,Mistakes & Malfunctions,Cooking Issues,66.77172354,308084.8222
2019,Foodservice,Transportation,Dairy & Eggs,Mistakes & Malfunctions,Equipment Issues,23.23651565,107213.3144
2019,Foodservice,Transportation,Dairy & Eggs,Mistakes & Malfunctions,Handling Errors,115.0981578,531063.0548
2019,Foodservice,Transportation,Dairy & Eggs,Other,Other,17.43648447,80451.9628
2019,Foodservice,Transportation,Dairy & Eggs,Spoiled,Spoiled,611.0689071,2819472.759
2019,Foodservice,Transportation,Dairy & Eggs,Trimmings & Byproducts,Trimmings & Byproducts,56.64638948,261366.5172
2019,Foodservice,Transportation,Dry Goods,Date Label Concerns,Date Label Concerns,2669.00595,12314797.04
2019,Foodservice,Transportation,Dry Goods,Mistakes & Malfunctions,Cooking Issues,915.533654,4224273.511
2019,Foodservice,Transportation,Dry Goods,Mistakes & Malfunctions,Equipment Issues,23.69116608,109311.0721
2019,Foodservice,Transportation,Dry Goods,Mistakes & Malfunctions,Handling Errors,145.5338371,671493.32
2019,Foodservice,Transportation,Dry Goods,Other,Other,19.29565717,89030.18813
2019,Foodservice,Transportation,Dry Goods,Spoiled,Spoiled,703.7432671,3247072.381
2019,Foodservice,Transportation,Dry Goods,Trimmings & Byproducts,Trimmings & Byproducts,137.0068284,632149.6907
2019,Foodservice,Transportation,Fresh Meat & Seafood,Date Label Concerns,Date Label Concerns,2058.692677,9498810.779
2019,Foodservice,Transportation,Fresh Meat & Seafood,Mistakes & Malfunctions,Cooking Issues,181.1351097,835757.6399
2019,Foodservice,Transportation,Fresh Meat & Seafood,Mistakes & Malfunctions,Equipment Issues,24.35658275,112381.3056
2019,Foodservice,Transportation,Fresh Meat & Seafood,Mistakes & Malfunctions,Handling Errors,292.4505669,1349367.309
2019,Foodservice,Transportation,Fresh Meat & Seafood,Other,Other,54.99659815,253754.3778
2019,Foodservice,Transportation,Fresh Meat & Seafood,Spoiled,Spoiled,660.1368622,3045872.37
2019,Foodservice,Transportation,Fresh Meat & Seafood,Trimmings & Byproducts,Trimmings & Byproducts,316.1181204,1458569.433
2019,Foodservice,Transportation,Frozen,Date Label Concerns,Date Label Concerns,65.84352478,303802.1119
2019,Foodservice,Transportation,Frozen,Mistakes & Malfunctions,Handling Errors,47.09715859,217306.3531
2019,Foodservice,Transportation,Frozen,Other,Other,5.591630896,25799.79248
2019,Foodservice,Transportation,Frozen,Spoiled,Spoiled,76.87315793,354692.8541
2019,Foodservice,Transportation,Frozen,Trimmings & Byproducts,Trimmings & Byproducts,16.58539853,76525.05113
2019,Foodservice,Transportation,Prepared Foods,Excess,Overproduction,21576.74115,266007692.3
2019,Foodservice,Transportation,Prepared Foods,Excess,Plate Waste,98761.54046,1217576337
2019,Foodservice,Transportation,Produce,Date Label Concerns,Date Label Concerns,729.0265989,3363729.708
2019,Foodservice,Transportation,Produce,Mistakes & Malfunctions,Cooking Issues,70.75774794,326476.3442
2019,Foodservice,Transportation,Produce,Mistakes & Malfunctions,Equipment Issues,1.438272312,6636.190384
2019,Foodservice,Transportation,Produce,Mistakes & Malfunctions,Handling Errors,58.49823181,269910.9202
2019,Foodservice,Transportation,Produce,Other,Other,34.97088536,161355.7121
2019,Foodservice,Transportation,Produce,Spoiled,Spoiled,387.916863,1789848.928
2019,Foodservice,Transportation,Produce,Trimmings & Byproducts,Trimmings & Byproducts,1635.148962,7544579.51
2019,Foodservice,Transportation,Ready-to-drink Beverages,Date Label Concerns,Date Label Concerns,569.2818682,2626667.306
2019,Foodservice,Transportation,Ready-to-drink Beverages,Mistakes & Malfunctions,Handling Errors,80.14178449,369774.3014
2019,Foodservice,Transportation,Ready-to-drink Beverages,Other,Other,404.2539738,1865228.379
2019,Foodservice,Transportation,Ready-to-drink Beverages,Spoiled,Spoiled,845.5107938,3901187.94
2019,Foodservice,Transportation,Ready-to-drink Beverages,Trimmings & Byproducts,Trimmings & Byproducts,7.380437381,34053.348
2019,Manufacturing,Not Applicable,Breads & Bakery,Buyer Rejections,Buyer Rejections,41555.65384,189737971.5
2019,Manufacturing,Not Applicable,Breads & Bakery,Excess,Unshipped Finished Product,28887.02626,131894586.2
2019,Manufacturing,Not Applicable,Breads & Bakery,Trimmings & Byproducts,Byproducts & Production Line Waste,9890.923283,31189814.81
2019,Manufacturing,Not Applicable,Dairy & Eggs,Buyer Rejections,Buyer Rejections,133562.7015,414942149.1
2019,Manufacturing,Not Applicable,Dairy & Eggs,Excess,Unshipped Finished Product,3562.028242,11066230.6
2019,Manufacturing,Not Applicable,Dairy & Eggs,Trimmings & Byproducts,Byproducts & Production Line Waste,4270489.609,6289798056
2019,Manufacturing,Not Applicable,Dry Goods,Buyer Rejections,Buyer Rejections,260575.9918,1305119886
2019,Manufacturing,Not Applicable,Dry Goods,Excess,Unshipped Finished Product,104899.3432,546761306.2
2019,Manufacturing,Not Applicable,Dry Goods,Trimmings & Byproducts,Byproducts & Production Line Waste,2680653.134,12456482327
2019,Manufacturing,Not Applicable,Fresh Meat & Seafood,Buyer Rejections,Buyer Rejections,55767.38509,481847384
2019,Manufacturing,Not Applicable,Fresh Meat & Seafood,Excess,Unshipped Finished Product,8762.408858,82014929.98
2019,Manufacturing,Not Applicable,Fresh Meat & Seafood,Trimmings & Byproducts,Byproducts & Production Line Waste,762410.849,5376256654
2019,Manufacturing,Not Applicable,Frozen,Buyer Rejections,Buyer Rejections,139914.4295,793782634.7
2019,Manufacturing,Not Applicable,Frozen,Excess,Unshipped Finished Product,53586.10218,220302679.9
2019,Manufacturing,Not Applicable,Prepared Foods,Buyer Rejections,Buyer Rejections,27202.80077,318907694.9
2019,Manufacturing,Not Applicable,Prepared Foods,Excess,Unshipped Finished Product,1778.993063,20855741.36
2019,Manufacturing,Not Applicable,Produce,Trimmings & Byproducts,Byproducts & Production Line Waste,1947552.161,5999265328
2019,Manufacturing,Not Applicable,Ready-to-drink Beverages,Buyer Rejections,Buyer Rejections,44538.87018,67983321.16
2019,Manufacturing,Not Applicable,Ready-to-drink Beverages,Excess,Unshipped Finished Product,8400.20684,13472244.27
2019,Manufacturing,Not Applicable,Ready-to-drink Beverages,Trimmings & Byproducts,Byproducts & Production Line Waste,252.4449112,250741.1469
2019,Residential,Not Applicable,Breads & Bakery,Date Label Concerns,Date Label Concerns,60278.5913,292961366.9
2019,Residential,Not Applicable,Breads & Bakery,Excess,Didn't Taste Good,104760.607,509149433.7
2019,Residential,Not Applicable,Breads & Bakery,Excess,Didn't Want Leftovers,157194.5114,763984657.2
2019,Residential,Not Applicable,Breads & Bakery,Excess,Too Little To Save,74452.33039,361847482
2019,Residential,Not Applicable,Breads & Bakery,Food Safety,Left Out Too Long,161301.6098,783945660.7
2019,Residential,Not Applicable,Breads & Bakery,Mistakes & Malfunctions,Cooking Issues,6222.025858,30239810.86
2019,Residential,Not Applicable,Breads & Bakery,Other,Other,81446.32711,395839166.1
2019,Residential,Not Applicable,Breads & Bakery,Spoiled,Spoiled,485421.7168,2359209242
2019,Residential,Not Applicable,Breads & Bakery,Trimmings & Byproducts,Considered Inedible,53955.3968,262229863.9
2019,Residential,Not Applicable,Dairy & Eggs,Date Label Concerns,Date Label Concerns,1537780.789,4092902695
2019,Residential,Not Applicable,Dairy & Eggs,Excess,Didn't Taste Good,135356.4785,360259992.5
2019,Residential,Not Applicable,Dairy & Eggs,Excess,Didn't Want Leftovers,312190.8345,830916029.7
2019,Residential,Not Applicable,Dairy & Eggs,Excess,Too Little To Save,101730.6859,270762778.1
2019,Residential,Not Applicable,Dairy & Eggs,Food Safety,Left Out Too Long,293328.4262,780712514.2
2019,Residential,Not Applicable,Dairy & Eggs,Mistakes & Malfunctions,Cooking Issues,11601.19424,30877326.29
2019,Residential,Not Applicable,Dairy & Eggs,Other,Other,335964.4273,894190979.4
2019,Residential,Not Applicable,Dairy & Eggs,Spoiled,Spoiled,1118229.813,2976240728
2019,Residential,Not Applicable,Dairy & Eggs,Trimmings & Byproducts,Considered Inedible,42296.8192,112575710.7
2019,Residential,Not Applicable,Dairy & Eggs,Trimmings & Byproducts,Inedible Parts,1237049.602,3292487257
2019,Residential,Not Applicable,Dry Goods,Date Label Concerns,Date Label Concerns,384078.5475,2371051124
2019,Residential,Not Applicable,Dry Goods,Excess,Didn't Taste Good,521510.9799,3219469567
2019,Residential,Not Applicable,Dry Goods,Excess,Didn't Want Leftovers,1134807.309,7005562179
2019,Residential,Not Applicable,Dry Goods,Excess,Too Little To Save,540470.1728,3336511292
2019,Residential,Not Applicable,Dry Goods,Food Safety,Left Out Too Long,855793.4651,5283112192
2019,Residential,Not Applicable,Dry Goods,Mistakes & Malfunctions,Cooking Issues,134212.2983,828539429.4
2019,Residential,Not Applicable,Dry Goods,Other,Other,456809.2001,2820042864
2019,Residential,Not Applicable,Dry Goods,Spoiled,Spoiled,1258425.471,7768700301
2019,Residential,Not Applicable,Dry Goods,Trimmings & Byproducts,Considered Inedible,233599.7452,1442092879
2019,Residential,Not Applicable,Dry Goods,Trimmings & Byproducts,Inedible Parts,377423.5824,2329967698
2019,Residential,Not Applicable,Fresh Meat & Seafood,Date Label Concerns,Date Label Concerns,66680.09708,607602904.4
2019,Residential,Not Applicable,Fresh Meat & Seafood,Excess,Didn't Taste Good,58915.20194,536847565.9
2019,Residential,Not Applicable,Fresh Meat & Seafood,Excess,Didn't Want Leftovers,252527.5371,2301083408
2019,Residential,Not Applicable,Fresh Meat & Seafood,Excess,Too Little To Save,49794.97935,453742202.1
2019,Residential,Not Applicable,Fresh Meat & Seafood,Food Safety,Left Out Too Long,88586.13339,807215260.6
2019,Residential,Not Applicable,Fresh Meat & Seafood,Mistakes & Malfunctions,Cooking Issues,1229.359622,11202180.41
2019,Residential,Not Applicable,Fresh Meat & Seafood,Other,Other,114491.3236,1043268738
2019,Residential,Not Applicable,Fresh Meat & Seafood,Spoiled,Spoiled,331654.8914,3022108307
2019,Residential,Not Applicable,Fresh Meat & Seafood,Trimmings & Byproducts,Considered Inedible,345217.1052,3145690018
2019,Residential,Not Applicable,Fresh Meat & Seafood,Trimmings & Byproducts,Inedible Parts,1095236.598,9980023532
2019,Residential,Not Applicable,Frozen,Excess,Didn't Want Leftovers,626538.5367,2973572887
2019,Residential,Not Applicable,Frozen,Excess,Too Little To Save,404218.4109,1918434121
2019,Residential,Not Applicable,Frozen,Other,Other,101054.6036,479608534.6
2019,Residential,Not Applicable,Frozen,Spoiled,Spoiled,2506154.15,11894291565
2019,Residential,Not Applicable,Prepared Foods,Date Label Concerns,Date Label Concerns,138797.1521,1599297436
2019,Residential,Not Applicable,Prepared Foods,Excess,Didn't Taste Good,244895.1841,2821817552
2019,Residential,Not Applicable,Prepared Foods,Excess,Didn't Want Leftovers,974839.47,11232638717
2019,Residential,Not Applicable,Prepared Foods,Excess,Too Little To Save,336926.5442,3882253707
2019,Residential,Not Applicable,Prepared Foods,Food Safety,Left Out Too Long,287143.965,3308631337
2019,Residential,Not Applicable,Prepared Foods,Mistakes & Malfunctions,Cooking Issues,26377.14903,303932077.6
2019,Residential,Not Applicable,Prepared Foods,Other,Other,264833.2663,3051555145
2019,Residential,Not Applicable,Prepared Foods,Spoiled,Spoiled,621052.872,7156114161
2019,Residential,Not Applicable,Prepared Foods,Trimmings & Byproducts,Considered Inedible,219202.1044,2525767699
2019,Residential,Not Applicable,Prepared Foods,Trimmings & Byproducts,Inedible Parts,219148.4063,2525148959
2019,Residential,Not Applicable,Produce,Date Label Concerns,Date Label Concerns,56072.87258,182446968.1
2019,Residential,Not Applicable,Produce,Excess,Didn't Taste Good,163695.4579,532623684.4
2019,Residential,Not Applicable,Produce,Excess,Didn't Want Leftovers,135221.2091,439975669.1
2019,Residential,Not Applicable,Produce,Excess,Too Little To Save,90347.01742,293966380.7
2019,Residential,Not Applicable,Produce,Food Safety,Left Out Too Long,244956.8985,797027892.3
2019,Residential,Not Applicable,Produce,Mistakes & Malfunctions,Cooking Issues,16819.06765,54724999.08
2019,Residential,Not Applicable,Produce,Other,Other,249477.3083,811736164.3
2019,Residential,Not Applicable,Produce,Spoiled,Spoiled,1503008.317,4890409530
2019,Residential,Not Applicable,Produce,Trimmings & Byproducts,Considered Inedible,1065655.563,3467374109
2019,Residential,Not Applicable,Produce,Trimmings & Byproducts,Inedible Parts,3053792.171,9936268596
2019,Residential,Not Applicable,Ready-to-drink Beverages,Date Label Concerns,Date Label Concerns,42332.8179,64164116.72
2019,Residential,Not Applicable,Ready-to-drink Beverages,Excess,Didn't Taste Good,38212.63853,57919135.08
2019,Residential,Not Applicable,Ready-to-drink Beverages,Excess,Didn't Want Leftovers,122216.0606,185243647
2019,Residential,Not Applicable,Ready-to-drink Beverages,Excess,Too Little To Save,48863.21172,74062275.45
2019,Residential,Not Applicable,Ready-to-drink Beverages,Food Safety,Left Out Too Long,158213.2897,239804872.2
2019,Residential,Not Applicable,Ready-to-drink Beverages,Mistakes & Malfunctions,Cooking Issues,727.0904786,1102055.584
2019,Residential,Not Applicable,Ready-to-drink Beverages,Other,Other,100156.7815,151808259.8
2019,Residential,Not Applicable,Ready-to-drink Beverages,Spoiled,Spoiled,14864.95906,22530911.36
2019,Residential,Not Applicable,Ready-to-drink Beverages,Trimmings & Byproducts,Considered Inedible,84236.10096,127677184.8
2019,Residential,Not Applicable,Ready-to-drink Beverages,Trimmings & Byproducts,Inedible Parts,1229608.54,1863725350
2019,Retail,Not Applicable,Breads & Bakery,Date Label Concerns,Date Label Concerns,228794.666,1081010457
2019,Retail,Not Applicable,Breads & Bakery,Food Safety,Food Safety Recall,153.2160914,723916.3391
2019,Retail,Not Applicable,Breads & Bakery,Mistakes & Malfunctions,Equipment Issues,6371.887992,30105935.9
2019,Retail,Not Applicable,Breads & Bakery,Mistakes & Malfunctions,Handling Errors,13774.25716,65080695.66
2019,Retail,Not Applicable,Breads & Bakery,Other,Theft,4596.482743,21717490.17
2019,Retail,Not Applicable,Breads & Bakery,Spoiled,Spoiled,52741.67291,249194183.3
2019,Retail,Not Applicable,Dairy & Eggs,Date Label Concerns,Date Label Concerns,1962161.054,4354142317
2019,Retail,Not Applicable,Dairy & Eggs,Food Safety,Food Safety Recall,1536.944133,3410562.795
2019,Retail,Not Applicable,Dairy & Eggs,Mistakes & Malfunctions,Equipment Issues,447582.9593,993210980.1
2019,Retail,Not Applicable,Dairy & Eggs,Mistakes & Malfunctions,Handling Errors,122942.2514,272815556.3
2019,Retail,Not Applicable,Dairy & Eggs,Other,Theft,46108.32399,102316883.8
2019,Retail,Not Applicable,Dairy & Eggs,Spoiled,Spoiled,493556.7331,1095229290
2019,Retail,Not Applicable,Dry Goods,Date Label Concerns,Date Label Concerns,167527.648,825932792.8
2019,Retail,Not Applicable,Dry Goods,Food Safety,Food Safety Recall,774.8451672,3820086.062
2019,Retail,Not Applicable,Dry Goods,Mistakes & Malfunctions,Handling Errors,1358142.486,6695816662
2019,Retail,Not Applicable,Dry Goods,Other,Theft,23245.35502,114602581.8
2019,Retail,Not Applicable,Fresh Meat & Seafood,Date Label Concerns,Date Label Concerns,277971.6576,2641059795
2019,Retail,Not Applicable,Fresh Meat & Seafood,Food Safety,Food Safety Recall,221.0726163,2100451.549
2019,Retail,Not Applicable,Fresh Meat & Seafood,Mistakes & Malfunctions,Equipment Issues,34905.68155,331645294.1
2019,Retail,Not Applicable,Fresh Meat & Seafood,Mistakes & Malfunctions,Handling Errors,22437.3624,213181502.9
2019,Retail,Not Applicable,Fresh Meat & Seafood,Other,Theft,6632.17849,63013546.46
2019,Retail,Not Applicable,Fresh Meat & Seafood,Spoiled,Spoiled,86712.92348,823875419
2019,Retail,Not Applicable,Fresh Meat & Seafood,Trimmings & Byproducts,Trimmings & Byproducts,13264.35698,126027092.9
2019,Retail,Not Applicable,Frozen,Date Label Concerns,Date Label Concerns,70057.00622,278508321.3
2019,Retail,Not Applicable,Frozen,Food Safety,Food Safety Recall,350.2850311,1392541.607
2019,Retail,Not Applicable,Frozen,Mistakes & Malfunctions,Equipment Issues,586174.0951,2330307446
2019,Retail,Not Applicable,Frozen,Mistakes & Malfunctions,Handling Errors,33480.12487,133098656.1
2019,Retail,Not Applicable,Frozen,Other,Theft,10508.55093,41776248.2
2019,Retail,Not Applicable,Prepared Foods,Date Label Concerns,Date Label Concerns,13140.90556,155235964.3
2019,Retail,Not Applicable,Prepared Foods,Excess,Overproduction,81068.46337,957676853.2
2019,Retail,Not Applicable,Prepared Foods,Food Safety,Food Safety Recall,112.7962275,1332482.839
2019,Retail,Not Applicable,Prepared Foods,Mistakes & Malfunctions,Cooking Issues,2262.692775,26729611.08
2019,Retail,Not Applicable,Prepared Foods,Mistakes & Malfunctions,Equipment Issues,951.5661202,11241027.77
2019,Retail,Not Applicable,Prepared Foods,Mistakes & Malfunctions,Handling Errors,1223.859146,14457675.98
2019,Retail,Not Applicable,Prepared Foods,Other,Other,163.1976426,1927884.141
2019,Retail,Not Applicable,Prepared Foods,Other,Theft,3383.886825,39974485.16
2019,Retail,Not Applicable,Prepared Foods,Spoiled,Spoiled,4002.281991,47279702.4
2019,Retail,Not Applicable,Prepared Foods,Trimmings & Byproducts,Trimmings & Byproducts,119282.8053,1409109991
2019,Retail,Not Applicable,Produce,Date Label Concerns,Date Label Concerns,2153126.955,6710349502
2019,Retail,Not Applicable,Produce,Food Safety,Food Safety Recall,1708.378362,5324263.793
2019,Retail,Not Applicable,Produce,Mistakes & Malfunctions,Equipment Issues,149982.1035,467428235.5
2019,Retail,Not Applicable,Produce,Mistakes & Malfunctions,Handling Errors,203256.7654,633461919.8
2019,Retail,Not Applicable,Produce,Other,Theft,51251.35085,159727913.8
2019,Retail,Not Applicable,Produce,Spoiled,Spoiled,857431.167,2672235741
2019,Retail,Not Applicable,Ready-to-drink Beverages,Date Label Concerns,Date Label Concerns,309502.2262,438277903.8
2019,Retail,Not Applicable,Ready-to-drink Beverages,Food Safety,Food Safety Recall,384.5120187,544497.284
2019,Retail,Not Applicable,Ready-to-drink Beverages,Mistakes & Malfunctions,Equipment Issues,60163.23516,85195563.6
2019,Retail,Not Applicable,Ready-to-drink Beverages,Mistakes & Malfunctions,Handling Errors,387438.7035,548641684.8
2019,Retail,Not Applicable,Ready-to-drink Beverages,Other,Theft,11535.36056,16334918.52
